system:index,date,mean_ST_K,satellite,timestamp,.geo
1_1_1_LT05_149036_19891226,1989-12-26,269.7183036,LANDSAT_5,630651536573,"{""type"":""MultiPoint"",""coordinates"":[]}"
1_1_1_LT05_149036_19910420,1991-04-20,288.2429533,LANDSAT_5,672123465889,"{""type"":""MultiPoint"",""coordinates"":[]}"
1_1_1_LT05_149036_19920202,1992-02-02,263.2141171,LANDSAT_5,697006806826,"{""type"":""MultiPoint"",""coordinates"":[]}"
1_1_1_LT05_149036_19920218,1992-02-18,278.3180979,LANDSAT_5,698389196194,"{""type"":""MultiPoint"",""coordinates"":[]}"
1_1_1_LT05_149036_19921116,1992-11-16,282.629885,LANDSAT_5,721889809191,"{""type"":""MultiPoint"",""coordinates"":[]}"
1_1_1_LT05_149036_19930119,1993-01-19,263.5382084,LANDSAT_5,727419448673,"{""type"":""MultiPoint"",""coordinates"":[]}"
1_1_1_LT05_149036_19930308,1993-03-08,283.9234839,LANDSAT_5,731566676148,"{""type"":""MultiPoint"",""coordinates"":[]}"
1_1_1_LT05_149036_19930409,1993-04-09,276.7010595,LANDSAT_5,734331484412,"{""type"":""MultiPoint"",""coordinates"":[]}"
1_1_1_LT05_149036_19930425,1993-04-25,294.5907914,LANDSAT_5,735713893287,"{""type"":""MultiPoint"",""coordinates"":[]}"
1_1_1_LT05_149036_19930612,1993-06-12,298.4685724,LANDSAT_5,739861099434,"{""type"":""MultiPoint"",""coordinates"":[]}"
1_1_1_LT05_149036_19931018,1993-10-18,289.5624073,LANDSAT_5,750920278017,"{""type"":""MultiPoint"",""coordinates"":[]}"
1_1_1_LT05_149036_19931103,1993-11-03,285.4732793,LANDSAT_5,752302672313,"{""type"":""MultiPoint"",""coordinates"":[]}"
1_1_1_LT05_149036_19931205,1993-12-05,279.830192,LANDSAT_5,755067460788,"{""type"":""MultiPoint"",""coordinates"":[]}"
1_1_1_LT05_149036_19940327,1994-03-27,287.1081016,LANDSAT_5,764744174167,"{""type"":""MultiPoint"",""coordinates"":[]}"
1_1_1_LT05_149036_19940412,1994-04-12,285.8610916,LANDSAT_5,766126555082,"{""type"":""MultiPoint"",""coordinates"":[]}"
1_1_1_LT05_149036_19940428,1994-04-28,292.8562812,LANDSAT_5,767508938047,"{""type"":""MultiPoint"",""coordinates"":[]}"
1_1_1_LT05_149036_19940530,1994-05-30,295.6150132,LANDSAT_5,770273702974,"{""type"":""MultiPoint"",""coordinates"":[]}"
1_1_1_LT05_149036_19940701,1994-07-01,298.0025703,LANDSAT_5,773038459764,"{""type"":""MultiPoint"",""coordinates"":[]}"
1_1_1_LT05_149036_19940903,1994-09-03,297.9899056,LANDSAT_5,778567959207,"{""type"":""MultiPoint"",""coordinates"":[]}"
1_1_1_LT05_149036_19940919,1994-09-19,293.3514158,LANDSAT_5,779950333856,"{""type"":""MultiPoint"",""coordinates"":[]}"
1_1_1_LT05_149036_19941021,1994-10-21,287.5230531,LANDSAT_5,782715076122,"{""type"":""MultiPoint"",""coordinates"":[]}"
1_1_1_LT05_149036_19941106,1994-11-06,284.3940646,LANDSAT_5,784097442416,"{""type"":""MultiPoint"",""coordinates"":[]}"
1_1_1_LT05_149036_19951024,1995-10-24,285.3667248,LANDSAT_5,814509340782,"{""type"":""MultiPoint"",""coordinates"":[]}"
1_1_1_LT05_149036_19960128,1996-01-28,262.5585039,LANDSAT_5,822803999270,"{""type"":""MultiPoint"",""coordinates"":[]}"
1_1_1_LT05_149036_19960401,1996-04-01,285.7012689,LANDSAT_5,828333854564,"{""type"":""MultiPoint"",""coordinates"":[]}"
1_1_1_LT05_149036_19960417,1996-04-17,290.8193374,LANDSAT_5,829716313619,"{""type"":""MultiPoint"",""coordinates"":[]}"
1_1_1_LT05_149036_19960706,1996-07-06,292.6069478,LANDSAT_5,836628582695,"{""type"":""MultiPoint"",""coordinates"":[]}"
1_1_1_LT05_149036_19961010,1996-10-10,289.4211913,LANDSAT_5,844923290530,"{""type"":""MultiPoint"",""coordinates"":[]}"
1_1_1_LT05_149036_19970810,1997-08-10,297.0782299,LANDSAT_5,871189627599,"{""type"":""MultiPoint"",""coordinates"":[]}"
1_1_1_LT05_149036_19970911,1997-09-11,296.6186477,LANDSAT_5,873954485136,"{""type"":""MultiPoint"",""coordinates"":[]}"
1_1_1_LT05_149036_19970927,1997-09-27,287.6681008,LANDSAT_5,875336912856,"{""type"":""MultiPoint"",""coordinates"":[]}"
1_1_1_LT05_149036_19980509,1998-05-09,290.9119185,LANDSAT_5,894690788353,"{""type"":""MultiPoint"",""coordinates"":[]}"
1_1_1_LT05_149036_19980728,1998-07-28,298.8321017,LANDSAT_5,901602847938,"{""type"":""MultiPoint"",""coordinates"":[]}"
1_1_1_LT05_149036_19980829,1998-08-29,297.9646954,LANDSAT_5,904367666014,"{""type"":""MultiPoint"",""coordinates"":[]}"
1_1_1_LT05_149036_19980914,1998-09-14,295.4383832,LANDSAT_5,905750073047,"{""type"":""MultiPoint"",""coordinates"":[]}"
1_1_1_LT05_149036_19980930,1998-09-30,295.1143388,LANDSAT_5,907132477590,"{""type"":""MultiPoint"",""coordinates"":[]}"
1_1_1_LT05_149036_19981101,1998-11-01,286.9875863,LANDSAT_5,909897281405,"{""type"":""MultiPoint"",""coordinates"":[]}"
1_1_1_LT05_149036_19981117,1998-11-17,283.9548347,LANDSAT_5,911279689881,"{""type"":""MultiPoint"",""coordinates"":[]}"
1_1_1_LT05_149036_19990205,1999-02-05,276.196749,LANDSAT_5,918191696224,"{""type"":""MultiPoint"",""coordinates"":[]}"
1_1_1_LT05_149036_19990426,1999-04-26,293.4793013,LANDSAT_5,925103670975,"{""type"":""MultiPoint"",""coordinates"":[]}"
1_1_1_LT05_149036_19990816,1999-08-16,298.234868,LANDSAT_5,934780402758,"{""type"":""MultiPoint"",""coordinates"":[]}"
1_1_1_LT05_149036_20000327,2000-03-27,286.7228538,LANDSAT_5,954133805736,"{""type"":""MultiPoint"",""coordinates"":[]}"
1_1_1_LT05_149036_20000412,2000-04-12,291.3056769,LANDSAT_5,955516213165,"{""type"":""MultiPoint"",""coordinates"":[]}"
1_1_1_LT05_149036_20000428,2000-04-28,292.5679068,LANDSAT_5,956898666009,"{""type"":""MultiPoint"",""coordinates"":[]}"
1_1_1_LT05_149036_20000514,2000-05-14,295.950815,LANDSAT_5,958281093616,"{""type"":""MultiPoint"",""coordinates"":[]}"
1_1_1_LT05_149036_20010210,2001-02-10,279.3697927,LANDSAT_5,981782149163,"{""type"":""MultiPoint"",""coordinates"":[]}"
1_1_1_LT05_149036_20080418,2008-04-18,290.5547709,LANDSAT_5,1208496301842,"{""type"":""MultiPoint"",""coordinates"":[]}"
1_1_1_LT05_149036_20080504,2008-05-04,294.7133333,LANDSAT_5,1209878676470,"{""type"":""MultiPoint"",""coordinates"":[]}"
1_1_1_LT05_149036_20080723,2008-07-23,297.4769305,LANDSAT_5,1216790544036,"{""type"":""MultiPoint"",""coordinates"":[]}"
1_1_1_LT05_149036_20080925,2008-09-25,292.8719962,LANDSAT_5,1222320033737,"{""type"":""MultiPoint"",""coordinates"":[]}"
1_1_1_LT05_149036_20081011,2008-10-11,291.3603077,LANDSAT_5,1223702402450,"{""type"":""MultiPoint"",""coordinates"":[]}"
1_1_1_LT05_149036_20090131,2009-01-31,279.9496788,LANDSAT_5,1233379277777,"{""type"":""MultiPoint"",""coordinates"":[]}"
1_1_1_LT05_149036_20090216,2009-02-16,280.609664,LANDSAT_5,1234761702058,"{""type"":""MultiPoint"",""coordinates"":[]}"
1_1_1_LT05_149036_20090405,2009-04-05,287.3222561,LANDSAT_5,1238908967361,"{""type"":""MultiPoint"",""coordinates"":[]}"
1_1_1_LT05_149036_20090421,2009-04-21,291.3430182,LANDSAT_5,1240291386151,"{""type"":""MultiPoint"",""coordinates"":[]}"
1_1_1_LT05_149036_20090507,2009-05-07,292.2567954,LANDSAT_5,1241673804356,"{""type"":""MultiPoint"",""coordinates"":[]}"
1_1_1_LT05_149036_20090523,2009-05-23,295.836995,LANDSAT_5,1243056222288,"{""type"":""MultiPoint"",""coordinates"":[]}"
1_1_1_LT05_149036_20090608,2009-06-08,287.7560887,LANDSAT_5,1244438639066,"{""type"":""MultiPoint"",""coordinates"":[]}"
1_1_1_LT05_149036_20090710,2009-07-10,298.4638912,LANDSAT_5,1247203473475,"{""type"":""MultiPoint"",""coordinates"":[]}"
1_1_1_LT05_149036_20090726,2009-07-26,298.5852229,LANDSAT_5,1248585888738,"{""type"":""MultiPoint"",""coordinates"":[]}"
1_1_1_LT05_149036_20090811,2009-08-11,299.6983319,LANDSAT_5,1249968302728,"{""type"":""MultiPoint"",""coordinates"":[]}"
1_1_1_LT05_149036_20090827,2009-08-27,296.6629534,LANDSAT_5,1251350717720,"{""type"":""MultiPoint"",""coordinates"":[]}"
1_1_1_LT05_149036_20090912,2009-09-12,296.3251752,LANDSAT_5,1252733131274,"{""type"":""MultiPoint"",""coordinates"":[]}"
1_1_1_LT05_149036_20090928,2009-09-28,296.2977849,LANDSAT_5,1254115543076,"{""type"":""MultiPoint"",""coordinates"":[]}"
1_1_1_LT05_149036_20091014,2009-10-14,290.946437,LANDSAT_5,1255497953353,"{""type"":""MultiPoint"",""coordinates"":[]}"
1_1_1_LT05_149036_20091030,2009-10-30,285.728278,LANDSAT_5,1256880362085,"{""type"":""MultiPoint"",""coordinates"":[]}"
1_1_1_LT05_149036_20091217,2009-12-17,271.2399021,LANDSAT_5,1261027585821,"{""type"":""MultiPoint"",""coordinates"":[]}"
1_1_1_LT05_149036_20100118,2010-01-18,277.4610966,LANDSAT_5,1263792396763,"{""type"":""MultiPoint"",""coordinates"":[]}"
1_1_1_LT05_149036_20100203,2010-02-03,278.2288897,LANDSAT_5,1265174800443,"{""type"":""MultiPoint"",""coordinates"":[]}"
1_1_1_LT05_149036_20100307,2010-03-07,282.4075303,LANDSAT_5,1267939604772,"{""type"":""MultiPoint"",""coordinates"":[]}"
1_1_1_LT05_149036_20100424,2010-04-24,291.0103387,LANDSAT_5,1272086798952,"{""type"":""MultiPoint"",""coordinates"":[]}"
1_1_1_LT05_149036_20100526,2010-05-26,295.9757123,LANDSAT_5,1274851592092,"{""type"":""MultiPoint"",""coordinates"":[]}"
1_1_1_LT05_149036_20100627,2010-06-27,300.0268699,LANDSAT_5,1277616382266,"{""type"":""MultiPoint"",""coordinates"":[]}"
1_1_1_LT05_149036_20100713,2010-07-13,298.3968057,LANDSAT_5,1278998778819,"{""type"":""MultiPoint"",""coordinates"":[]}"
1_1_1_LT05_149036_20101017,2010-10-17,291.4269548,LANDSAT_5,1287293143768,"{""type"":""MultiPoint"",""coordinates"":[]}"
1_1_1_LT05_149036_20101102,2010-11-02,286.5904811,LANDSAT_5,1288675537638,"{""type"":""MultiPoint"",""coordinates"":[]}"
1_1_1_LT05_149036_20101204,2010-12-04,280.3920356,LANDSAT_5,1291440336280,"{""type"":""MultiPoint"",""coordinates"":[]}"
1_1_1_LT05_149036_20101220,2010-12-20,275.2995872,LANDSAT_5,1292822740429,"{""type"":""MultiPoint"",""coordinates"":[]}"
1_1_1_LT05_149036_20110105,2011-01-05,275.4019397,LANDSAT_5,1294205143467,"{""type"":""MultiPoint"",""coordinates"":[]}"
1_1_1_LT05_149036_20110121,2011-01-21,275.824752,LANDSAT_5,1295587543813,"{""type"":""MultiPoint"",""coordinates"":[]}"
1_1_1_LT05_149036_20110326,2011-03-26,288.9281377,LANDSAT_5,1301117137461,"{""type"":""MultiPoint"",""coordinates"":[]}"
1_1_1_LT05_149036_20110427,2011-04-27,293.6566765,LANDSAT_5,1303881926856,"{""type"":""MultiPoint"",""coordinates"":[]}"
1_1_1_LT05_149036_20110513,2011-05-13,293.6124602,LANDSAT_5,1305264322330,"{""type"":""MultiPoint"",""coordinates"":[]}"
1_1_1_LT05_149036_20110801,2011-08-01,301.5209444,LANDSAT_5,1312176285877,"{""type"":""MultiPoint"",""coordinates"":[]}"
1_1_1_LT05_149036_20110918,2011-09-18,295.1573727,LANDSAT_5,1316323455419,"{""type"":""MultiPoint"",""coordinates"":[]}"
1_1_2_LE07_148036_20220614,2022-06-14,296.895944,LANDSAT_7,1655179324168,"{""type"":""MultiPoint"",""coordinates"":[]}"
1_1_2_LE07_148036_20220701,2022-07-01,297.5440743,LANDSAT_7,1656648059471,"{""type"":""MultiPoint"",""coordinates"":[]}"
1_1_2_LE07_148036_20220718,2022-07-18,300.0645664,LANDSAT_7,1658116786584,"{""type"":""MultiPoint"",""coordinates"":[]}"
1_1_2_LE07_148036_20220804,2022-08-04,297.7671151,LANDSAT_7,1659585504073,"{""type"":""MultiPoint"",""coordinates"":[]}"
1_1_2_LE07_148036_20220821,2022-08-21,300.0056678,LANDSAT_7,1661054214607,"{""type"":""MultiPoint"",""coordinates"":[]}"
1_1_2_LE07_148036_20220907,2022-09-07,298.2442592,LANDSAT_7,1662522917959,"{""type"":""MultiPoint"",""coordinates"":[]}"
1_1_2_LE07_148036_20220924,2022-09-24,295.0499936,LANDSAT_7,1663991611934,"{""type"":""MultiPoint"",""coordinates"":[]}"
1_1_2_LE07_148036_20221011,2022-10-11,291.2041288,LANDSAT_7,1665460293986,"{""type"":""MultiPoint"",""coordinates"":[]}"
1_1_2_LE07_148036_20221028,2022-10-28,285.9004492,LANDSAT_7,1666928965031,"{""type"":""MultiPoint"",""coordinates"":[]}"
1_1_2_LE07_148036_20230212,2023-02-12,252.0324682,LANDSAT_7,1676173030766,"{""type"":""MultiPoint"",""coordinates"":[]}"
1_1_2_LE07_148036_20230414,2023-04-14,291.2668238,LANDSAT_7,1681443094143,"{""type"":""MultiPoint"",""coordinates"":[]}"
1_1_2_LE07_148036_20230528,2023-05-28,291.5353153,LANDSAT_7,1685244414802,"{""type"":""MultiPoint"",""coordinates"":[]}"
1_1_2_LE07_148036_20230619,2023-06-19,297.8973633,LANDSAT_7,1687145024065,"{""type"":""MultiPoint"",""coordinates"":[]}"
1_1_2_LE07_148037_20220614,2022-06-14,297.0744771,LANDSAT_7,1655179348014,"{""type"":""MultiPoint"",""coordinates"":[]}"
1_1_2_LE07_148037_20220701,2022-07-01,297.5408174,LANDSAT_7,1656648083317,"{""type"":""MultiPoint"",""coordinates"":[]}"
1_1_2_LE07_148037_20220718,2022-07-18,300.3198997,LANDSAT_7,1658116810431,"{""type"":""MultiPoint"",""coordinates"":[]}"
1_1_2_LE07_148037_20221011,2022-10-11,291.1942489,LANDSAT_7,1665460317830,"{""type"":""MultiPoint"",""coordinates"":[]}"
1_1_2_LE07_148037_20221028,2022-10-28,285.908175,LANDSAT_7,1666928988877,"{""type"":""MultiPoint"",""coordinates"":[]}"
1_1_2_LE07_148037_20230414,2023-04-14,291.2670535,LANDSAT_7,1681443117986,"{""type"":""MultiPoint"",""coordinates"":[]}"
1_1_2_LE07_148037_20230528,2023-05-28,291.5547995,LANDSAT_7,1685244438642,"{""type"":""MultiPoint"",""coordinates"":[]}"
1_1_2_LE07_148037_20230619,2023-06-19,297.8973633,LANDSAT_7,1687145047905,"{""type"":""MultiPoint"",""coordinates"":[]}"
1_1_2_LE07_149036_19990707,1999-07-07,300.6114095,LANDSAT_7,931325314029,"{""type"":""MultiPoint"",""coordinates"":[]}"
1_1_2_LE07_149036_19990723,1999-07-23,301.4816358,LANDSAT_7,932707716108,"{""type"":""MultiPoint"",""coordinates"":[]}"
1_1_2_LE07_149036_19990824,1999-08-24,300.262963,LANDSAT_7,935472522265,"{""type"":""MultiPoint"",""coordinates"":[]}"
1_1_2_LE07_149036_19991011,1999-10-11,292.6503186,LANDSAT_7,939619729582,"{""type"":""MultiPoint"",""coordinates"":[]}"
1_1_2_LE07_149036_19991128,1999-11-28,281.2207363,LANDSAT_7,943766914564,"{""type"":""MultiPoint"",""coordinates"":[]}"
1_1_2_LE07_149036_20000303,2000-03-03,283.3271784,LANDSAT_7,952061305497,"{""type"":""MultiPoint"",""coordinates"":[]}"
1_1_2_LE07_149036_20000506,2000-05-06,295.7465129,LANDSAT_7,957590880071,"{""type"":""MultiPoint"",""coordinates"":[]}"
1_1_2_LE07_149036_20000709,2000-07-09,295.8264187,LANDSAT_7,963120440240,"{""type"":""MultiPoint"",""coordinates"":[]}"
1_1_2_LE07_149036_20000826,2000-08-26,298.0092497,LANDSAT_7,967267605640,"{""type"":""MultiPoint"",""coordinates"":[]}"
1_1_2_LE07_149036_20000911,2000-09-11,296.0016898,LANDSAT_7,968649988762,"{""type"":""MultiPoint"",""coordinates"":[]}"
1_1_2_LE07_149036_20001013,2000-10-13,291.1672348,LANDSAT_7,971414760963,"{""type"":""MultiPoint"",""coordinates"":[]}"
1_1_2_LE07_149036_20001114,2000-11-14,284.1786391,LANDSAT_7,974179568244,"{""type"":""MultiPoint"",""coordinates"":[]}"
1_1_2_LE07_149036_20001130,2000-11-30,280.3323861,LANDSAT_7,975561970160,"{""type"":""MultiPoint"",""coordinates"":[]}"
1_1_2_LE07_149036_20010101,2001-01-01,278.0307982,LANDSAT_7,978326771870,"{""type"":""MultiPoint"",""coordinates"":[]}"
1_1_2_LE07_149036_20010202,2001-02-02,278.8404091,LANDSAT_7,981091575897,"{""type"":""MultiPoint"",""coordinates"":[]}"
1_1_2_LE07_149036_20010218,2001-02-18,280.7431895,LANDSAT_7,982473972813,"{""type"":""MultiPoint"",""coordinates"":[]}"
1_1_2_LE07_149036_20010407,2001-04-07,291.641585,LANDSAT_7,986621150147,"{""type"":""MultiPoint"",""coordinates"":[]}"
1_1_2_LE07_149036_20010525,2001-05-25,297.4942715,LANDSAT_7,990768337384,"{""type"":""MultiPoint"",""coordinates"":[]}"
1_1_2_LE07_149036_20010829,2001-08-29,299.6250401,LANDSAT_7,999062671334,"{""type"":""MultiPoint"",""coordinates"":[]}"
1_1_2_LE07_149036_20010930,2001-09-30,294.4820964,LANDSAT_7,1001827449683,"{""type"":""MultiPoint"",""coordinates"":[]}"
1_1_2_LE07_149036_20011219,2001-12-19,268.1136259,LANDSAT_7,1008739466699,"{""type"":""MultiPoint"",""coordinates"":[]}"
1_1_2_LE07_149036_20020410,2002-04-10,287.5745829,LANDSAT_7,1018416277146,"{""type"":""MultiPoint"",""coordinates"":[]}"
1_1_2_LE07_149036_20020613,2002-06-13,293.5086109,LANDSAT_7,1023945859345,"{""type"":""MultiPoint"",""coordinates"":[]}"
1_1_2_LE07_149036_20020715,2002-07-15,299.0668727,LANDSAT_7,1026710649523,"{""type"":""MultiPoint"",""coordinates"":[]}"
1_1_2_LE07_149036_20021003,2002-10-03,293.0616355,LANDSAT_7,1033622610958,"{""type"":""MultiPoint"",""coordinates"":[]}"
1_1_2_LE07_149036_20021120,2002-11-20,283.2204308,LANDSAT_7,1037769833520,"{""type"":""MultiPoint"",""coordinates"":[]}"
1_1_2_LE07_149036_20021222,2002-12-22,274.7776027,LANDSAT_7,1040534647054,"{""type"":""MultiPoint"",""coordinates"":[]}"
1_1_2_LE07_149036_20030123,2003-01-23,277.045194,LANDSAT_7,1043299457252,"{""type"":""MultiPoint"",""coordinates"":[]}"
1_1_2_LE07_149036_20030208,2003-02-08,278.6805539,LANDSAT_7,1044681866578,"{""type"":""MultiPoint"",""coordinates"":[]}"
1_1_2_LE07_149036_20030413,2003-04-13,292.5302435,LANDSAT_7,1050211473622,"{""type"":""MultiPoint"",""coordinates"":[]}"
1_1_2_LE07_149036_20030429,2003-04-29,291.2411432,LANDSAT_7,1051593873777,"{""type"":""MultiPoint"",""coordinates"":[]}"
1_1_2_LE07_149036_20030531,2003-05-31,295.3938907,LANDSAT_7,1054358669945,"{""type"":""MultiPoint"",""coordinates"":[]}"
1_1_2_LE07_149036_20030718,2003-07-18,300.4391338,LANDSAT_7,1058505861182,"{""type"":""MultiPoint"",""coordinates"":[]}"
1_1_2_LE07_149036_20030920,2003-09-20,296.4018576,LANDSAT_7,1064035440648,"{""type"":""MultiPoint"",""coordinates"":[]}"
1_1_2_LE07_149036_20031022,2003-10-22,288.8226313,LANDSAT_7,1066800246621,"{""type"":""MultiPoint"",""coordinates"":[]}"
1_1_2_LE07_149036_20031123,2003-11-23,280.672474,LANDSAT_7,1069565067918,"{""type"":""MultiPoint"",""coordinates"":[]}"
1_1_2_LE07_149036_20040126,2004-01-26,276.4791001,LANDSAT_7,1075094690908,"{""type"":""MultiPoint"",""coordinates"":[]}"
1_1_2_LE07_149036_20040211,2004-02-11,271.177894,LANDSAT_7,1076477094796,"{""type"":""MultiPoint"",""coordinates"":[]}"
1_1_2_LE07_149036_20040314,2004-03-14,285.446021,LANDSAT_7,1079241902929,"{""type"":""MultiPoint"",""coordinates"":[]}"
1_1_2_LE07_149036_20040330,2004-03-30,289.9556841,LANDSAT_7,1080624304474,"{""type"":""MultiPoint"",""coordinates"":[]}"
1_1_2_LE07_149036_20040415,2004-04-15,289.8431217,LANDSAT_7,1082006697923,"{""type"":""MultiPoint"",""coordinates"":[]}"
1_1_2_LE07_149036_20040805,2004-08-05,297.9310066,LANDSAT_7,1091683476008,"{""type"":""MultiPoint"",""coordinates"":[]}"
1_1_2_LE07_149036_20040821,2004-08-21,298.18216,LANDSAT_7,1093065875283,"{""type"":""MultiPoint"",""coordinates"":[]}"
1_1_2_LE07_149036_20040906,2004-09-06,296.8968874,LANDSAT_7,1094448270104,"{""type"":""MultiPoint"",""coordinates"":[]}"
1_1_2_LE07_149036_20041008,2004-10-08,292.7591099,LANDSAT_7,1097213055964,"{""type"":""MultiPoint"",""coordinates"":[]}"
1_1_2_LE07_149036_20041024,2004-10-24,287.1836592,LANDSAT_7,1098595473479,"{""type"":""MultiPoint"",""coordinates"":[]}"
1_1_2_LE07_149036_20041109,2004-11-09,284.1908859,LANDSAT_7,1099977883836,"{""type"":""MultiPoint"",""coordinates"":[]}"
1_1_2_LE07_149036_20050402,2005-04-02,288.3408296,LANDSAT_7,1112419527053,"{""type"":""MultiPoint"",""coordinates"":[]}"
1_1_2_LE07_149036_20050418,2005-04-18,290.3950209,LANDSAT_7,1113801920014,"{""type"":""MultiPoint"",""coordinates"":[]}"
1_1_2_LE07_149036_20050504,2005-05-04,288.4501105,LANDSAT_7,1115184323858,"{""type"":""MultiPoint"",""coordinates"":[]}"
1_1_2_LE07_149036_20050520,2005-05-20,292.3018914,LANDSAT_7,1116566724307,"{""type"":""MultiPoint"",""coordinates"":[]}"
1_1_2_LE07_149036_20050621,2005-06-21,299.2357093,LANDSAT_7,1119331513483,"{""type"":""MultiPoint"",""coordinates"":[]}"
1_1_2_LE07_149036_20050824,2005-08-24,298.0771584,LANDSAT_7,1124861104043,"{""type"":""MultiPoint"",""coordinates"":[]}"
1_1_2_LE07_149036_20050909,2005-09-09,300.1573961,LANDSAT_7,1126243494592,"{""type"":""MultiPoint"",""coordinates"":[]}"
1_1_2_LE07_149036_20050925,2005-09-25,295.0622193,LANDSAT_7,1127625892292,"{""type"":""MultiPoint"",""coordinates"":[]}"
1_1_2_LE07_149036_20051011,2005-10-11,292.42125,LANDSAT_7,1129008291408,"{""type"":""MultiPoint"",""coordinates"":[]}"
1_1_2_LE07_149036_20051027,2005-10-27,287.4560712,LANDSAT_7,1130390705237,"{""type"":""MultiPoint"",""coordinates"":[]}"
1_1_2_LE07_149036_20051214,2005-12-14,275.5053978,LANDSAT_7,1134537925112,"{""type"":""MultiPoint"",""coordinates"":[]}"
1_1_2_LE07_149036_20060216,2006-02-16,280.8481005,LANDSAT_7,1140067551873,"{""type"":""MultiPoint"",""coordinates"":[]}"
1_1_2_LE07_149036_20060405,2006-04-05,290.0947327,LANDSAT_7,1144214751413,"{""type"":""MultiPoint"",""coordinates"":[]}"
1_1_2_LE07_149036_20060523,2006-05-23,298.8591634,LANDSAT_7,1148361951961,"{""type"":""MultiPoint"",""coordinates"":[]}"
1_1_2_LE07_149036_20060608,2006-06-08,298.3780549,LANDSAT_7,1149744349727,"{""type"":""MultiPoint"",""coordinates"":[]}"
1_1_2_LE07_149036_20060624,2006-06-24,300.073832,LANDSAT_7,1151126744917,"{""type"":""MultiPoint"",""coordinates"":[]}"
1_1_2_LE07_149036_20060710,2006-07-10,297.666926,LANDSAT_7,1152509138020,"{""type"":""MultiPoint"",""coordinates"":[]}"
1_1_2_LE07_149036_20060726,2006-07-26,299.10894,LANDSAT_7,1153891529475,"{""type"":""MultiPoint"",""coordinates"":[]}"
1_1_2_LE07_149036_20060827,2006-08-27,288.6038999,LANDSAT_7,1156656326025,"{""type"":""MultiPoint"",""coordinates"":[]}"
1_1_2_LE07_149036_20060928,2006-09-28,293.6534472,LANDSAT_7,1159421114534,"{""type"":""MultiPoint"",""coordinates"":[]}"
1_1_2_LE07_149036_20061014,2006-10-14,289.3736209,LANDSAT_7,1160803515477,"{""type"":""MultiPoint"",""coordinates"":[]}"
1_1_2_LE07_149036_20061030,2006-10-30,282.4389421,LANDSAT_7,1162185931159,"{""type"":""MultiPoint"",""coordinates"":[]}"
1_1_2_LE07_149036_20061217,2006-12-17,277.4835277,LANDSAT_7,1166333158731,"{""type"":""MultiPoint"",""coordinates"":[]}"
1_1_2_LE07_149036_20070102,2007-01-02,277.7418012,LANDSAT_7,1167715560848,"{""type"":""MultiPoint"",""coordinates"":[]}"
1_1_2_LE07_149036_20070307,2007-03-07,283.8129035,LANDSAT_7,1173245178542,"{""type"":""MultiPoint"",""coordinates"":[]}"
1_1_2_LE07_149036_20070323,2007-03-23,282.6627963,LANDSAT_7,1174627580100,"{""type"":""MultiPoint"",""coordinates"":[]}"
1_1_2_LE07_149036_20070408,2007-04-08,285.0044573,LANDSAT_7,1176009979514,"{""type"":""MultiPoint"",""coordinates"":[]}"
1_1_2_LE07_149036_20070424,2007-04-24,294.5463454,LANDSAT_7,1177392376852,"{""type"":""MultiPoint"",""coordinates"":[]}"
1_1_2_LE07_149036_20070510,2007-05-10,296.556447,LANDSAT_7,1178774771993,"{""type"":""MultiPoint"",""coordinates"":[]}"
1_1_2_LE07_149036_20070611,2007-06-11,299.3096457,LANDSAT_7,1181539563794,"{""type"":""MultiPoint"",""coordinates"":[]}"
1_1_2_LE07_149036_20070627,2007-06-27,299.2610044,LANDSAT_7,1182921962974,"{""type"":""MultiPoint"",""coordinates"":[]}"
1_1_2_LE07_149036_20070830,2007-08-30,299.0434168,LANDSAT_7,1188451543689,"{""type"":""MultiPoint"",""coordinates"":[]}"
1_1_2_LE07_149036_20071001,2007-10-01,293.0624642,LANDSAT_7,1191216332506,"{""type"":""MultiPoint"",""coordinates"":[]}"
1_1_2_LE07_149036_20071017,2007-10-17,289.5034556,LANDSAT_7,1192598736452,"{""type"":""MultiPoint"",""coordinates"":[]}"
1_1_2_LE07_149036_20071102,2007-11-02,286.3125795,LANDSAT_7,1193981147687,"{""type"":""MultiPoint"",""coordinates"":[]}"
1_1_2_LE07_149036_20071118,2007-11-18,282.0043356,LANDSAT_7,1195363556638,"{""type"":""MultiPoint"",""coordinates"":[]}"
1_1_2_LE07_149036_20071204,2007-12-04,277.8581067,LANDSAT_7,1196745963162,"{""type"":""MultiPoint"",""coordinates"":[]}"
1_1_2_LE07_149036_20080309,2008-03-09,285.8654399,LANDSAT_7,1205040356837,"{""type"":""MultiPoint"",""coordinates"":[]}"
1_1_2_LE07_149036_20080325,2008-03-25,289.1035285,LANDSAT_7,1206422756868,"{""type"":""MultiPoint"",""coordinates"":[]}"
1_1_2_LE07_149036_20080613,2008-06-13,301.1480673,LANDSAT_7,1213334733495,"{""type"":""MultiPoint"",""coordinates"":[]}"
1_1_2_LE07_149036_20080715,2008-07-15,299.4797074,LANDSAT_7,1216099511862,"{""type"":""MultiPoint"",""coordinates"":[]}"
1_1_2_LE07_149036_20080731,2008-07-31,298.2622473,LANDSAT_7,1217481903180,"{""type"":""MultiPoint"",""coordinates"":[]}"
1_1_2_LE07_149036_20080901,2008-09-01,296.4481125,LANDSAT_7,1220246689780,"{""type"":""MultiPoint"",""coordinates"":[]}"
1_1_2_LE07_149036_20081003,2008-10-03,294.190844,LANDSAT_7,1223011471417,"{""type"":""MultiPoint"",""coordinates"":[]}"
1_1_2_LE07_149036_20081019,2008-10-19,288.7291088,LANDSAT_7,1224393872521,"{""type"":""MultiPoint"",""coordinates"":[]}"
1_1_2_LE07_149036_20081104,2008-11-04,286.3660684,LANDSAT_7,1225776287966,"{""type"":""MultiPoint"",""coordinates"":[]}"
1_1_2_LE07_149036_20081206,2008-12-06,278.8305968,LANDSAT_7,1228541112197,"{""type"":""MultiPoint"",""coordinates"":[]}"
1_1_2_LE07_149036_20081222,2008-12-22,277.2965115,LANDSAT_7,1229923521085,"{""type"":""MultiPoint"",""coordinates"":[]}"
1_1_2_LE07_149036_20090123,2009-01-23,272.6933398,LANDSAT_7,1232688332254,"{""type"":""MultiPoint"",""coordinates"":[]}"
1_1_2_LE07_149036_20090208,2009-02-08,278.9197905,LANDSAT_7,1234070737973,"{""type"":""MultiPoint"",""coordinates"":[]}"
1_1_2_LE07_149036_20090312,2009-03-12,280.9135451,LANDSAT_7,1236835555975,"{""type"":""MultiPoint"",""coordinates"":[]}"
1_1_2_LE07_149036_20090531,2009-05-31,296.6897315,LANDSAT_7,1243747574545,"{""type"":""MultiPoint"",""coordinates"":[]}"
1_1_2_LE07_149036_20090702,2009-07-02,297.585826,LANDSAT_7,1246512370754,"{""type"":""MultiPoint"",""coordinates"":[]}"
1_1_2_LE07_149036_20090803,2009-08-03,299.4836634,LANDSAT_7,1249277161247,"{""type"":""MultiPoint"",""coordinates"":[]}"
1_1_2_LE07_149036_20090920,2009-09-20,295.06379,LANDSAT_7,1253424356812,"{""type"":""MultiPoint"",""coordinates"":[]}"
1_1_2_LE07_149036_20091006,2009-10-06,292.7283907,LANDSAT_7,1254806753975,"{""type"":""MultiPoint"",""coordinates"":[]}"
1_1_2_LE07_149036_20091022,2009-10-22,288.2052953,LANDSAT_7,1256189163406,"{""type"":""MultiPoint"",""coordinates"":[]}"
1_1_2_LE07_149036_20091225,2009-12-25,276.9624591,LANDSAT_7,1261718818340,"{""type"":""MultiPoint"",""coordinates"":[]}"
1_1_2_LE07_149036_20100110,2010-01-10,276.1278501,LANDSAT_7,1263101234230,"{""type"":""MultiPoint"",""coordinates"":[]}"
1_1_2_LE07_149036_20100315,2010-03-15,287.4162904,LANDSAT_7,1268630876009,"{""type"":""MultiPoint"",""coordinates"":[]}"
1_1_2_LE07_149036_20100502,2010-05-02,292.4169797,LANDSAT_7,1272778078813,"{""type"":""MultiPoint"",""coordinates"":[]}"
1_1_2_LE07_149036_20100619,2010-06-19,297.8556733,LANDSAT_7,1276925277090,"{""type"":""MultiPoint"",""coordinates"":[]}"
1_1_2_LE07_149036_20100705,2010-07-05,297.3307045,LANDSAT_7,1278307680225,"{""type"":""MultiPoint"",""coordinates"":[]}"
1_1_2_LE07_149036_20100822,2010-08-22,297.9081451,LANDSAT_7,1282454882755,"{""type"":""MultiPoint"",""coordinates"":[]}"
1_1_2_LE07_149036_20100907,2010-09-07,300.4856162,LANDSAT_7,1283837284963,"{""type"":""MultiPoint"",""coordinates"":[]}"
1_1_2_LE07_149036_20101009,2010-10-09,292.6083438,LANDSAT_7,1286602086693,"{""type"":""MultiPoint"",""coordinates"":[]}"
1_1_2_LE07_149036_20101025,2010-10-25,287.0992039,LANDSAT_7,1287984496581,"{""type"":""MultiPoint"",""coordinates"":[]}"
1_1_2_LE07_149036_20101110,2010-11-10,285.2691637,LANDSAT_7,1289366907360,"{""type"":""MultiPoint"",""coordinates"":[]}"
1_1_2_LE07_149036_20101126,2010-11-26,280.3460793,LANDSAT_7,1290749319421,"{""type"":""MultiPoint"",""coordinates"":[]}"
1_1_2_LE07_149036_20101212,2010-12-12,277.5298266,LANDSAT_7,1292131727980,"{""type"":""MultiPoint"",""coordinates"":[]}"
1_1_2_LE07_149036_20110505,2011-05-05,296.1211781,LANDSAT_7,1304573364589,"{""type"":""MultiPoint"",""coordinates"":[]}"
1_1_2_LE07_149036_20110606,2011-06-06,296.9261127,LANDSAT_7,1307338164300,"{""type"":""MultiPoint"",""coordinates"":[]}"
1_1_2_LE07_149036_20110622,2011-06-22,300.0177237,LANDSAT_7,1308720561351,"{""type"":""MultiPoint"",""coordinates"":[]}"
1_1_2_LE07_149036_20110809,2011-08-09,304.4493065,LANDSAT_7,1312867752556,"{""type"":""MultiPoint"",""coordinates"":[]}"
1_1_2_LE07_149036_20110910,2011-09-10,291.9653989,LANDSAT_7,1315632546048,"{""type"":""MultiPoint"",""coordinates"":[]}"
1_1_2_LE07_149036_20110926,2011-09-26,296.1697667,LANDSAT_7,1317014942684,"{""type"":""MultiPoint"",""coordinates"":[]}"
1_1_2_LE07_149036_20111012,2011-10-12,291.7822558,LANDSAT_7,1318397341476,"{""type"":""MultiPoint"",""coordinates"":[]}"
1_1_2_LE07_149036_20111113,2011-11-13,284.6813496,LANDSAT_7,1321162160849,"{""type"":""MultiPoint"",""coordinates"":[]}"
1_1_2_LE07_149036_20111129,2011-11-29,280.6360085,LANDSAT_7,1322544570359,"{""type"":""MultiPoint"",""coordinates"":[]}"
1_1_2_LE07_149036_20111215,2011-12-15,278.2903109,LANDSAT_7,1323926975688,"{""type"":""MultiPoint"",""coordinates"":[]}"
1_1_2_LE07_149036_20111231,2011-12-31,276.1812864,LANDSAT_7,1325309387659,"{""type"":""MultiPoint"",""coordinates"":[]}"
1_1_2_LE07_149036_20120201,2012-02-01,275.6018869,LANDSAT_7,1328074191402,"{""type"":""MultiPoint"",""coordinates"":[]}"
1_1_2_LE07_149036_20120405,2012-04-05,289.6312559,LANDSAT_7,1333603792905,"{""type"":""MultiPoint"",""coordinates"":[]}"
1_1_2_LE07_149036_20120507,2012-05-07,277.862772,LANDSAT_7,1336368623578,"{""type"":""MultiPoint"",""coordinates"":[]}"
1_1_2_LE07_149036_20120523,2012-05-23,289.3834739,LANDSAT_7,1337751025427,"{""type"":""MultiPoint"",""coordinates"":[]}"
1_1_2_LE07_149036_20120624,2012-06-24,299.6070753,LANDSAT_7,1340515816713,"{""type"":""MultiPoint"",""coordinates"":[]}"
1_1_2_LE07_149036_20120710,2012-07-10,298.6729507,LANDSAT_7,1341898231009,"{""type"":""MultiPoint"",""coordinates"":[]}"
1_1_2_LE07_149036_20120912,2012-09-12,296.5583964,LANDSAT_7,1347427872919,"{""type"":""MultiPoint"",""coordinates"":[]}"
1_1_2_LE07_149036_20120928,2012-09-28,294.7422448,LANDSAT_7,1348810282795,"{""type"":""MultiPoint"",""coordinates"":[]}"
1_1_2_LE07_149036_20121014,2012-10-14,290.0269633,LANDSAT_7,1350192690919,"{""type"":""MultiPoint"",""coordinates"":[]}"
1_1_2_LE07_149036_20121030,2012-10-30,286.7522224,LANDSAT_7,1351575098393,"{""type"":""MultiPoint"",""coordinates"":[]}"
1_1_2_LE07_149036_20121115,2012-11-15,281.3689566,LANDSAT_7,1352957504706,"{""type"":""MultiPoint"",""coordinates"":[]}"
1_1_2_LE07_149036_20121201,2012-12-01,280.0024195,LANDSAT_7,1354339906620,"{""type"":""MultiPoint"",""coordinates"":[]}"
1_1_2_LE07_149036_20121217,2012-12-17,267.1331451,LANDSAT_7,1355722314043,"{""type"":""MultiPoint"",""coordinates"":[]}"
1_1_2_LE07_149036_20130102,2013-01-02,276.8308989,LANDSAT_7,1357104717937,"{""type"":""MultiPoint"",""coordinates"":[]}"
1_1_2_LE07_149036_20130219,2013-02-19,281.3986121,LANDSAT_7,1361251918886,"{""type"":""MultiPoint"",""coordinates"":[]}"
1_1_2_LE07_149036_20130307,2013-03-07,282.8741833,LANDSAT_7,1362634316677,"{""type"":""MultiPoint"",""coordinates"":[]}"
1_1_2_LE07_149036_20130424,2013-04-24,291.6764799,LANDSAT_7,1366781502143,"{""type"":""MultiPoint"",""coordinates"":[]}"
1_1_2_LE07_149036_20130611,2013-06-11,300.2892607,LANDSAT_7,1370928688587,"{""type"":""MultiPoint"",""coordinates"":[]}"
1_1_2_LE07_149036_20130713,2013-07-13,300.5089274,LANDSAT_7,1373693471553,"{""type"":""MultiPoint"",""coordinates"":[]}"
1_1_2_LE07_149036_20130729,2013-07-29,301.5725865,LANDSAT_7,1375075863893,"{""type"":""MultiPoint"",""coordinates"":[]}"
1_1_2_LE07_149036_20131001,2013-10-01,297.2665109,LANDSAT_7,1380605496566,"{""type"":""MultiPoint"",""coordinates"":[]}"
1_1_2_LE07_149036_20131102,2013-11-02,285.2241222,LANDSAT_7,1383370313053,"{""type"":""MultiPoint"",""coordinates"":[]}"
1_1_2_LE07_149036_20131118,2013-11-18,281.7817853,LANDSAT_7,1384752718408,"{""type"":""MultiPoint"",""coordinates"":[]}"
1_1_2_LE07_149036_20131220,2013-12-20,276.9872524,LANDSAT_7,1387517528748,"{""type"":""MultiPoint"",""coordinates"":[]}"
1_1_2_LE07_149036_20140105,2014-01-05,265.3568353,LANDSAT_7,1388899934649,"{""type"":""MultiPoint"",""coordinates"":[]}"
1_1_2_LE07_149036_20140427,2014-04-27,290.2564457,LANDSAT_7,1398576780445,"{""type"":""MultiPoint"",""coordinates"":[]}"
1_1_2_LE07_149036_20140513,2014-05-13,291.296881,LANDSAT_7,1399959186147,"{""type"":""MultiPoint"",""coordinates"":[]}"
1_1_2_LE07_149036_20140529,2014-05-29,287.0826374,LANDSAT_7,1401341590560,"{""type"":""MultiPoint"",""coordinates"":[]}"
1_1_2_LE07_149036_20140614,2014-06-14,298.3601083,LANDSAT_7,1402723992183,"{""type"":""MultiPoint"",""coordinates"":[]}"
1_1_2_LE07_149036_20140630,2014-06-30,297.3005078,LANDSAT_7,1404106397628,"{""type"":""MultiPoint"",""coordinates"":[]}"
1_1_2_LE07_149036_20140918,2014-09-18,294.8064192,LANDSAT_7,1411018409824,"{""type"":""MultiPoint"",""coordinates"":[]}"
1_1_2_LE07_149036_20141004,2014-10-04,295.0705645,LANDSAT_7,1412400822090,"{""type"":""MultiPoint"",""coordinates"":[]}"
1_1_2_LE07_149036_20150108,2015-01-08,276.5006899,LANDSAT_7,1420695261787,"{""type"":""MultiPoint"",""coordinates"":[]}"
1_1_2_LE07_149036_20150209,2015-02-09,278.8460473,LANDSAT_7,1423460069538,"{""type"":""MultiPoint"",""coordinates"":[]}"
1_1_2_LE07_149036_20150313,2015-03-13,277.2779182,LANDSAT_7,1426224883476,"{""type"":""MultiPoint"",""coordinates"":[]}"
1_1_2_LE07_149036_20150414,2015-04-14,291.944103,LANDSAT_7,1428989700662,"{""type"":""MultiPoint"",""coordinates"":[]}"
1_1_2_LE07_149036_20150516,2015-05-16,294.6636867,LANDSAT_7,1431754514711,"{""type"":""MultiPoint"",""coordinates"":[]}"
1_1_2_LE07_149036_20150601,2015-06-01,293.271893,LANDSAT_7,1433136919091,"{""type"":""MultiPoint"",""coordinates"":[]}"
1_1_2_LE07_149036_20150617,2015-06-17,297.4276881,LANDSAT_7,1434519324768,"{""type"":""MultiPoint"",""coordinates"":[]}"
1_1_2_LE07_149036_20150703,2015-07-03,296.6824716,LANDSAT_7,1435901727639,"{""type"":""MultiPoint"",""coordinates"":[]}"
1_1_2_LE07_149036_20150804,2015-08-04,300.7596147,LANDSAT_7,1438666535910,"{""type"":""MultiPoint"",""coordinates"":[]}"
1_1_2_LE07_149036_20150820,2015-08-20,299.7070869,LANDSAT_7,1440048938892,"{""type"":""MultiPoint"",""coordinates"":[]}"
1_1_2_LE07_149036_20150905,2015-09-05,298.3448924,LANDSAT_7,1441431339721,"{""type"":""MultiPoint"",""coordinates"":[]}"
1_1_2_LE07_149036_20151007,2015-10-07,292.9864864,LANDSAT_7,1444196150088,"{""type"":""MultiPoint"",""coordinates"":[]}"
1_1_2_LE07_149036_20151023,2015-10-23,289.3029118,LANDSAT_7,1445578568391,"{""type"":""MultiPoint"",""coordinates"":[]}"
1_1_2_LE07_149036_20160212,2016-02-12,265.20478,LANDSAT_7,1455255460048,"{""type"":""MultiPoint"",""coordinates"":[]}"
1_1_2_LE07_149036_20160228,2016-02-28,284.6268304,LANDSAT_7,1456637863698,"{""type"":""MultiPoint"",""coordinates"":[]}"
1_1_2_LE07_149036_20160315,2016-03-15,284.002318,LANDSAT_7,1458020273537,"{""type"":""MultiPoint"",""coordinates"":[]}"
1_1_2_LE07_149036_20160502,2016-05-02,294.5740367,LANDSAT_7,1462167490513,"{""type"":""MultiPoint"",""coordinates"":[]}"
1_1_2_LE07_149036_20160518,2016-05-18,296.5061692,LANDSAT_7,1463549892182,"{""type"":""MultiPoint"",""coordinates"":[]}"
1_1_2_LE07_149036_20160619,2016-06-19,301.885274,LANDSAT_7,1466314701499,"{""type"":""MultiPoint"",""coordinates"":[]}"
1_1_2_LE07_149036_20160705,2016-07-05,302.9480171,LANDSAT_7,1467697101615,"{""type"":""MultiPoint"",""coordinates"":[]}"
1_1_2_LE07_149036_20160721,2016-07-21,302.8345336,LANDSAT_7,1469079503057,"{""type"":""MultiPoint"",""coordinates"":[]}"
1_1_2_LE07_149036_20160806,2016-08-06,281.8375656,LANDSAT_7,1470461905181,"{""type"":""MultiPoint"",""coordinates"":[]}"
1_1_2_LE07_149036_20160907,2016-09-07,300.8998095,LANDSAT_7,1473226710159,"{""type"":""MultiPoint"",""coordinates"":[]}"
1_1_2_LE07_149036_20160923,2016-09-23,296.7707257,LANDSAT_7,1474609112241,"{""type"":""MultiPoint"",""coordinates"":[]}"
1_1_2_LE07_149036_20161009,2016-10-09,294.9342253,LANDSAT_7,1475991513334,"{""type"":""MultiPoint"",""coordinates"":[]}"
1_1_2_LE07_149036_20161025,2016-10-25,290.5766859,LANDSAT_7,1477373910219,"{""type"":""MultiPoint"",""coordinates"":[]}"
1_1_2_LE07_149036_20170113,2017-01-13,261.3808679,LANDSAT_7,1484285878041,"{""type"":""MultiPoint"",""coordinates"":[]}"
1_1_2_LE07_149036_20170318,2017-03-18,285.0518522,LANDSAT_7,1489815479315,"{""type"":""MultiPoint"",""coordinates"":[]}"
1_1_2_LE07_149036_20170403,2017-04-03,290.591426,LANDSAT_7,1491197883041,"{""type"":""MultiPoint"",""coordinates"":[]}"
1_1_2_LE07_149036_20170419,2017-04-19,293.6269347,LANDSAT_7,1492580290441,"{""type"":""MultiPoint"",""coordinates"":[]}"
1_1_2_LE07_149036_20170505,2017-05-05,292.4083808,LANDSAT_7,1493962695430,"{""type"":""MultiPoint"",""coordinates"":[]}"
1_1_2_LE07_149036_20170708,2017-07-08,300.9673841,LANDSAT_7,1499492307571,"{""type"":""MultiPoint"",""coordinates"":[]}"
1_1_2_LE07_149036_20170724,2017-07-24,302.7127472,LANDSAT_7,1500874707183,"{""type"":""MultiPoint"",""coordinates"":[]}"
1_1_2_LE07_149036_20170809,2017-08-09,303.1223636,LANDSAT_7,1502257104961,"{""type"":""MultiPoint"",""coordinates"":[]}"
1_1_2_LE07_149036_20170910,2017-09-10,298.9997663,LANDSAT_7,1505021903882,"{""type"":""MultiPoint"",""coordinates"":[]}"
1_1_2_LE07_149036_20170926,2017-09-26,295.4602012,LANDSAT_7,1506404303274,"{""type"":""MultiPoint"",""coordinates"":[]}"
1_1_2_LE07_149036_20171012,2017-10-12,293.2847465,LANDSAT_7,1507786705435,"{""type"":""MultiPoint"",""coordinates"":[]}"
1_1_2_LE07_149036_20171028,2017-10-28,288.1032644,LANDSAT_7,1509169106311,"{""type"":""MultiPoint"",""coordinates"":[]}"
1_1_2_LE07_149036_20171113,2017-11-13,281.6930107,LANDSAT_7,1510551504029,"{""type"":""MultiPoint"",""coordinates"":[]}"
1_1_2_LE07_149036_20171231,2017-12-31,276.6238025,LANDSAT_7,1514698678648,"{""type"":""MultiPoint"",""coordinates"":[]}"
1_1_2_LE07_149036_20180116,2018-01-16,276.4632307,LANDSAT_7,1516081065006,"{""type"":""MultiPoint"",""coordinates"":[]}"
1_1_2_LE07_149036_20180305,2018-03-05,282.973444,LANDSAT_7,1520228227556,"{""type"":""MultiPoint"",""coordinates"":[]}"
1_1_2_LE07_149036_20180422,2018-04-22,288.4452255,LANDSAT_7,1524375385339,"{""type"":""MultiPoint"",""coordinates"":[]}"
1_1_2_LE07_149036_20180508,2018-05-08,291.9946456,LANDSAT_7,1525757767197,"{""type"":""MultiPoint"",""coordinates"":[]}"
1_1_2_LE07_149036_20180524,2018-05-24,296.8206529,LANDSAT_7,1527140152906,"{""type"":""MultiPoint"",""coordinates"":[]}"
1_1_2_LE07_149036_20180609,2018-06-09,297.3574817,LANDSAT_7,1528522536842,"{""type"":""MultiPoint"",""coordinates"":[]}"
1_1_2_LE07_149036_20180625,2018-06-25,300.4151236,LANDSAT_7,1529904918927,"{""type"":""MultiPoint"",""coordinates"":[]}"
1_1_2_LE07_149036_20180812,2018-08-12,289.9086486,LANDSAT_7,1534052065571,"{""type"":""MultiPoint"",""coordinates"":[]}"
1_1_2_LE07_149036_20180828,2018-08-28,299.8893905,LANDSAT_7,1535434446500,"{""type"":""MultiPoint"",""coordinates"":[]}"
1_1_2_LE07_149036_20180913,2018-09-13,300.0565375,LANDSAT_7,1536816825787,"{""type"":""MultiPoint"",""coordinates"":[]}"
1_1_2_LE07_149036_20181015,2018-10-15,290.4641748,LANDSAT_7,1539581579480,"{""type"":""MultiPoint"",""coordinates"":[]}"
1_1_2_LE07_149036_20181031,2018-10-31,282.8167568,LANDSAT_7,1540963959058,"{""type"":""MultiPoint"",""coordinates"":[]}"
1_1_2_LE07_149036_20181116,2018-11-16,281.4160102,LANDSAT_7,1542346337047,"{""type"":""MultiPoint"",""coordinates"":[]}"
1_1_2_LE07_149036_20181218,2018-12-18,277.0016444,LANDSAT_7,1545111086299,"{""type"":""MultiPoint"",""coordinates"":[]}"
1_1_2_LE07_149036_20190409,2019-04-09,291.4759621,LANDSAT_7,1554787673601,"{""type"":""MultiPoint"",""coordinates"":[]}"
1_1_2_LE07_149036_20190425,2019-04-25,290.8783871,LANDSAT_7,1556170038517,"{""type"":""MultiPoint"",""coordinates"":[]}"
1_1_2_LE07_149036_20190527,2019-05-27,293.9634243,LANDSAT_7,1558934765291,"{""type"":""MultiPoint"",""coordinates"":[]}"
1_1_2_LE07_149036_20190628,2019-06-28,296.9846776,LANDSAT_7,1561699495702,"{""type"":""MultiPoint"",""coordinates"":[]}"
1_1_2_LE07_149036_20190714,2019-07-14,299.9430607,LANDSAT_7,1563081858733,"{""type"":""MultiPoint"",""coordinates"":[]}"
1_1_2_LE07_149036_20190730,2019-07-30,301.8255162,LANDSAT_7,1564464220387,"{""type"":""MultiPoint"",""coordinates"":[]}"
1_1_2_LE07_149036_20190815,2019-08-15,300.890291,LANDSAT_7,1565846580791,"{""type"":""MultiPoint"",""coordinates"":[]}"
1_1_2_LE07_149036_20190916,2019-09-16,301.9747957,LANDSAT_7,1568611297798,"{""type"":""MultiPoint"",""coordinates"":[]}"
1_1_2_LE07_149036_20191002,2019-10-02,294.000663,LANDSAT_7,1569993656683,"{""type"":""MultiPoint"",""coordinates"":[]}"
1_1_2_LE07_149036_20191119,2019-11-19,274.1883526,LANDSAT_7,1574140730482,"{""type"":""MultiPoint"",""coordinates"":[]}"
1_1_2_LE07_149036_20191205,2019-12-05,274.761793,LANDSAT_7,1575523084067,"{""type"":""MultiPoint"",""coordinates"":[]}"
1_1_2_LE07_149036_20200122,2020-01-22,264.7304215,LANDSAT_7,1579670138171,"{""type"":""MultiPoint"",""coordinates"":[]}"
1_1_2_LE07_149036_20200207,2020-02-07,277.7565641,LANDSAT_7,1581052489898,"{""type"":""MultiPoint"",""coordinates"":[]}"
1_1_2_LE07_149036_20200223,2020-02-23,281.5905377,LANDSAT_7,1582434839934,"{""type"":""MultiPoint"",""coordinates"":[]}"
1_1_2_LE07_149036_20200427,2020-04-27,290.0975207,LANDSAT_7,1587964223978,"{""type"":""MultiPoint"",""coordinates"":[]}"
1_1_2_LE07_149036_20200513,2020-05-13,290.0445933,LANDSAT_7,1589346565742,"{""type"":""MultiPoint"",""coordinates"":[]}"
1_1_2_LE07_149036_20200529,2020-05-29,292.1915713,LANDSAT_7,1590728906853,"{""type"":""MultiPoint"",""coordinates"":[]}"
1_1_2_LE07_149036_20200614,2020-06-14,299.3768281,LANDSAT_7,1592111251538,"{""type"":""MultiPoint"",""coordinates"":[]}"
1_1_2_LE07_149036_20200630,2020-06-30,301.0976823,LANDSAT_7,1593493594690,"{""type"":""MultiPoint"",""coordinates"":[]}"
1_1_2_LE07_149036_20200801,2020-08-01,278.2220059,LANDSAT_7,1596258276979,"{""type"":""MultiPoint"",""coordinates"":[]}"
1_1_2_LE07_149036_20200817,2020-08-17,302.9027354,LANDSAT_7,1597640616102,"{""type"":""MultiPoint"",""coordinates"":[]}"
1_1_2_LE07_149036_20200902,2020-09-02,299.48514,LANDSAT_7,1599022953902,"{""type"":""MultiPoint"",""coordinates"":[]}"
1_1_2_LE07_149036_20200918,2020-09-18,298.6051649,LANDSAT_7,1600405290257,"{""type"":""MultiPoint"",""coordinates"":[]}"
1_1_2_LE07_149036_20201004,2020-10-04,294.3570904,LANDSAT_7,1601787628796,"{""type"":""MultiPoint"",""coordinates"":[]}"
1_1_2_LE07_149036_20201020,2020-10-20,290.935437,LANDSAT_7,1603169966855,"{""type"":""MultiPoint"",""coordinates"":[]}"
1_1_2_LE07_149036_20201105,2020-11-05,286.1567511,LANDSAT_7,1604552302742,"{""type"":""MultiPoint"",""coordinates"":[]}"
1_1_2_LE07_149036_20201223,2020-12-23,275.1951425,LANDSAT_7,1608699293222,"{""type"":""MultiPoint"",""coordinates"":[]}"
1_1_2_LE07_149036_20210108,2021-01-08,268.3117824,LANDSAT_7,1610081627249,"{""type"":""MultiPoint"",""coordinates"":[]}"
1_1_2_LE07_149036_20210124,2021-01-24,268.1054535,LANDSAT_7,1611463958957,"{""type"":""MultiPoint"",""coordinates"":[]}"
1_1_2_LE07_149036_20210430,2021-04-30,293.586872,LANDSAT_7,1619757902457,"{""type"":""MultiPoint"",""coordinates"":[]}"
1_1_2_LE07_149036_20210516,2021-05-16,295.1390878,LANDSAT_7,1621140222378,"{""type"":""MultiPoint"",""coordinates"":[]}"
1_1_2_LE07_149036_20210703,2021-07-03,297.9929216,LANDSAT_7,1625287182155,"{""type"":""MultiPoint"",""coordinates"":[]}"
1_1_2_LE07_149036_20210820,2021-08-20,300.87345,LANDSAT_7,1629434131152,"{""type"":""MultiPoint"",""coordinates"":[]}"
1_1_2_LE07_149036_20210905,2021-09-05,297.2393117,LANDSAT_7,1630816448488,"{""type"":""MultiPoint"",""coordinates"":[]}"
1_1_2_LE07_149036_20211007,2021-10-07,293.3705454,LANDSAT_7,1633581078327,"{""type"":""MultiPoint"",""coordinates"":[]}"
1_1_2_LE07_149036_20211108,2021-11-08,283.1480584,LANDSAT_7,1636345702486,"{""type"":""MultiPoint"",""coordinates"":[]}"
1_1_2_LE07_149036_20211210,2021-12-10,274.5232105,LANDSAT_7,1639110318887,"{""type"":""MultiPoint"",""coordinates"":[]}"
1_1_2_LE07_149036_20220127,2022-01-27,271.2374545,LANDSAT_7,1643257239138,"{""type"":""MultiPoint"",""coordinates"":[]}"
1_1_2_LE07_149036_20220212,2022-02-12,279.3062677,LANDSAT_7,1644639541510,"{""type"":""MultiPoint"",""coordinates"":[]}"
1_1_2_LE07_149036_20220316,2022-03-16,286.7406232,LANDSAT_7,1647404152238,"{""type"":""MultiPoint"",""coordinates"":[]}"
1_1_2_LE07_149036_20220401,2022-04-01,290.6735124,LANDSAT_7,1648786460884,"{""type"":""MultiPoint"",""coordinates"":[]}"
1_1_2_LE07_149036_20220602,2022-06-02,293.7583089,LANDSAT_7,1654142912223,"{""type"":""MultiPoint"",""coordinates"":[]}"
1_1_2_LE07_149036_20220809,2022-08-09,299.6299924,LANDSAT_7,1660017827024,"{""type"":""MultiPoint"",""coordinates"":[]}"
1_1_2_LE07_149036_20220929,2022-09-29,294.9136716,LANDSAT_7,1664423927176,"{""type"":""MultiPoint"",""coordinates"":[]}"
1_1_2_LE07_149036_20221016,2022-10-16,289.6836667,LANDSAT_7,1665892604035,"{""type"":""MultiPoint"",""coordinates"":[]}"
1_1_2_LE07_149036_20221223,2022-12-23,269.3022864,LANDSAT_7,1671767215328,"{""type"":""MultiPoint"",""coordinates"":[]}"
1_1_2_LE07_149036_20230131,2023-01-31,265.629463,LANDSAT_7,1675136733062,"{""type"":""MultiPoint"",""coordinates"":[]}"
1_1_2_LE07_149036_20230306,2023-03-06,283.7212463,LANDSAT_7,1678073857008,"{""type"":""MultiPoint"",""coordinates"":[]}"
1_1_2_LE07_149036_20230311,2023-03-11,285.6221164,LANDSAT_7,1678506124019,"{""type"":""MultiPoint"",""coordinates"":[]}"
1_1_2_LE07_149036_20230328,2023-03-28,286.1338364,LANDSAT_7,1679974624462,"{""type"":""MultiPoint"",""coordinates"":[]}"
1_1_2_LE07_149036_20230511,2023-05-11,290.5271453,LANDSAT_7,1683776010281,"{""type"":""MultiPoint"",""coordinates"":[]}"
1_1_2_LE07_149036_20230624,2023-06-24,298.983685,LANDSAT_7,1687577245190,"{""type"":""MultiPoint"",""coordinates"":[]}"
1_1_2_LE07_149036_20230812,2023-08-12,300.131268,LANDSAT_7,1691810556084,"{""type"":""MultiPoint"",""coordinates"":[]}"
1_1_2_LE07_149036_20230903,2023-09-03,297.8142866,LANDSAT_7,1693711052097,"{""type"":""MultiPoint"",""coordinates"":[]}"
1_1_2_LE07_149036_20230908,2023-09-08,298.2061983,LANDSAT_7,1694143247792,"{""type"":""MultiPoint"",""coordinates"":[]}"
1_1_2_LE07_149036_20230930,2023-09-30,293.2156821,LANDSAT_7,1696043701681,"{""type"":""MultiPoint"",""coordinates"":[]}"
1_1_2_LE07_149036_20231005,2023-10-05,291.7053783,LANDSAT_7,1696475885571,"{""type"":""MultiPoint"",""coordinates"":[]}"
1_1_2_LE07_149036_20231027,2023-10-27,285.8549738,LANDSAT_7,1698376277117,"{""type"":""MultiPoint"",""coordinates"":[]}"
1_1_2_LE07_149036_20231101,2023-11-01,285.7994526,LANDSAT_7,1698808447087,"{""type"":""MultiPoint"",""coordinates"":[]}"
1_2_LC08_149036_20130404,2013-04-04,288.8422573,LANDSAT_8,1365053896079,"{""type"":""MultiPoint"",""coordinates"":[]}"
1_2_LC08_149036_20130502,2013-05-02,290.676423,LANDSAT_8,1367473055586,"{""type"":""MultiPoint"",""coordinates"":[]}"
1_2_LC08_149036_20130518,2013-05-18,296.5790266,LANDSAT_8,1368855468141,"{""type"":""MultiPoint"",""coordinates"":[]}"
1_2_LC08_149036_20130619,2013-06-19,298.479672,LANDSAT_8,1371620264068,"{""type"":""MultiPoint"",""coordinates"":[]}"
1_2_LC08_149036_20130705,2013-07-05,300.7655692,LANDSAT_8,1373002667079,"{""type"":""MultiPoint"",""coordinates"":[]}"
1_2_LC08_149036_20130721,2013-07-21,299.1540849,LANDSAT_8,1374385065171,"{""type"":""MultiPoint"",""coordinates"":[]}"
1_2_LC08_149036_20130806,2013-08-06,285.3960949,LANDSAT_8,1375767468649,"{""type"":""MultiPoint"",""coordinates"":[]}"
1_2_LC08_149036_20130822,2013-08-22,300.2632876,LANDSAT_8,1377149870208,"{""type"":""MultiPoint"",""coordinates"":[]}"
1_2_LC08_149036_20130907,2013-09-07,298.1100431,LANDSAT_8,1378532269462,"{""type"":""MultiPoint"",""coordinates"":[]}"
1_2_LC08_149036_20130923,2013-09-23,296.7622925,LANDSAT_8,1379914662221,"{""type"":""MultiPoint"",""coordinates"":[]}"
1_2_LC08_149036_20131025,2013-10-25,290.0879594,LANDSAT_8,1382679453586,"{""type"":""MultiPoint"",""coordinates"":[]}"
1_2_LC08_149036_20131110,2013-11-10,283.286246,LANDSAT_8,1384061852346,"{""type"":""MultiPoint"",""coordinates"":[]}"
1_2_LC08_149036_20131126,2013-11-26,281.1767744,LANDSAT_8,1385444244319,"{""type"":""MultiPoint"",""coordinates"":[]}"
1_2_LC08_149036_20131212,2013-12-12,277.301217,LANDSAT_8,1386826642565,"{""type"":""MultiPoint"",""coordinates"":[]}"
1_2_LC08_149036_20131228,2013-12-28,276.8283967,LANDSAT_8,1388209033622,"{""type"":""MultiPoint"",""coordinates"":[]}"
1_2_LC08_149036_20140302,2014-03-02,281.6913794,LANDSAT_8,1393738584272,"{""type"":""MultiPoint"",""coordinates"":[]}"
1_2_LC08_149036_20140505,2014-05-05,284.1259247,LANDSAT_8,1399268126830,"{""type"":""MultiPoint"",""coordinates"":[]}"
1_2_LC08_149036_20140521,2014-05-21,292.6942429,LANDSAT_8,1400650518307,"{""type"":""MultiPoint"",""coordinates"":[]}"
1_2_LC08_149036_20140606,2014-06-06,298.0304479,LANDSAT_8,1402032927211,"{""type"":""MultiPoint"",""coordinates"":[]}"
1_2_LC08_149036_20140622,2014-06-22,298.2821253,LANDSAT_8,1403415330819,"{""type"":""MultiPoint"",""coordinates"":[]}"
1_2_LC08_149036_20140708,2014-07-08,299.4737163,LANDSAT_8,1404797738351,"{""type"":""MultiPoint"",""coordinates"":[]}"
1_2_LC08_149036_20140825,2014-08-25,298.7264791,LANDSAT_8,1408944952694,"{""type"":""MultiPoint"",""coordinates"":[]}"
1_2_LC08_149036_20140910,2014-09-10,295.9872367,LANDSAT_8,1410327356662,"{""type"":""MultiPoint"",""coordinates"":[]}"
1_2_LC08_149036_20140926,2014-09-26,292.8592561,LANDSAT_8,1411709753574,"{""type"":""MultiPoint"",""coordinates"":[]}"
1_2_LC08_149036_20141012,2014-10-12,291.1639994,LANDSAT_8,1413092160881,"{""type"":""MultiPoint"",""coordinates"":[]}"
1_2_LC08_149036_20141113,2014-11-13,283.5822288,LANDSAT_8,1415856961656,"{""type"":""MultiPoint"",""coordinates"":[]}"
1_2_LC08_149036_20141215,2014-12-15,277.4600107,LANDSAT_8,1418621754282,"{""type"":""MultiPoint"",""coordinates"":[]}"
1_2_LC08_149036_20150116,2015-01-16,277.4017333,LANDSAT_8,1421386549236,"{""type"":""MultiPoint"",""coordinates"":[]}"
1_2_LC08_149036_20150321,2015-03-21,282.1916454,LANDSAT_8,1426916121815,"{""type"":""MultiPoint"",""coordinates"":[]}"
1_2_LC08_149036_20150406,2015-04-06,285.0791536,LANDSAT_8,1428298510648,"{""type"":""MultiPoint"",""coordinates"":[]}"
1_2_LC08_149036_20150422,2015-04-22,291.3316904,LANDSAT_8,1429680909361,"{""type"":""MultiPoint"",""coordinates"":[]}"
1_2_LC08_149036_20150508,2015-05-08,291.5828164,LANDSAT_8,1431063293596,"{""type"":""MultiPoint"",""coordinates"":[]}"
1_2_LC08_149036_20150609,2015-06-09,295.8378882,LANDSAT_8,1433828101835,"{""type"":""MultiPoint"",""coordinates"":[]}"
1_2_LC08_149036_20150727,2015-07-27,291.4331259,LANDSAT_8,1437975324409,"{""type"":""MultiPoint"",""coordinates"":[]}"
1_2_LC08_149036_20150828,2015-08-28,295.4582574,LANDSAT_8,1440740135765,"{""type"":""MultiPoint"",""coordinates"":[]}"
1_2_LC08_149036_20150913,2015-09-13,296.8297048,LANDSAT_8,1442122542862,"{""type"":""MultiPoint"",""coordinates"":[]}"
1_2_LC08_149036_20151031,2015-10-31,286.8569917,LANDSAT_8,1446269754582,"{""type"":""MultiPoint"",""coordinates"":[]}"
1_2_LC08_149036_20151116,2015-11-16,283.8331381,LANDSAT_8,1447652155263,"{""type"":""MultiPoint"",""coordinates"":[]}"
1_2_LC08_149036_20151202,2015-12-02,280.2738318,LANDSAT_8,1449034556759,"{""type"":""MultiPoint"",""coordinates"":[]}"
1_2_LC08_149036_20151218,2015-12-18,277.1695813,LANDSAT_8,1450416956331,"{""type"":""MultiPoint"",""coordinates"":[]}"
1_2_LC08_149036_20160103,2016-01-03,276.1498099,LANDSAT_8,1451799353547,"{""type"":""MultiPoint"",""coordinates"":[]}"
1_2_LC08_149036_20160119,2016-01-19,277.5503634,LANDSAT_8,1453181753194,"{""type"":""MultiPoint"",""coordinates"":[]}"
1_2_LC08_149036_20160204,2016-02-04,274.9934025,LANDSAT_8,1454564150081,"{""type"":""MultiPoint"",""coordinates"":[]}"
1_2_LC08_149036_20160220,2016-02-20,276.9259668,LANDSAT_8,1455946541355,"{""type"":""MultiPoint"",""coordinates"":[]}"
1_2_LC08_149036_20160307,2016-03-07,285.5044983,LANDSAT_8,1457328940744,"{""type"":""MultiPoint"",""coordinates"":[]}"
1_2_LC08_149036_20160424,2016-04-24,290.1321478,LANDSAT_8,1461476118611,"{""type"":""MultiPoint"",""coordinates"":[]}"
1_2_LC08_149036_20160510,2016-05-10,296.9342207,LANDSAT_8,1462858521287,"{""type"":""MultiPoint"",""coordinates"":[]}"
1_2_LC08_149036_20160526,2016-05-26,297.356421,LANDSAT_8,1464240925896,"{""type"":""MultiPoint"",""coordinates"":[]}"
1_2_LC08_149036_20160627,2016-06-27,300.9591259,LANDSAT_8,1467005736576,"{""type"":""MultiPoint"",""coordinates"":[]}"
1_2_LC08_149036_20160713,2016-07-13,304.1273662,LANDSAT_8,1468388144375,"{""type"":""MultiPoint"",""coordinates"":[]}"
1_2_LC08_149036_20160729,2016-07-29,300.5746352,LANDSAT_8,1469770548605,"{""type"":""MultiPoint"",""coordinates"":[]}"
1_2_LC08_149036_20160814,2016-08-14,302.5723212,LANDSAT_8,1471152951251,"{""type"":""MultiPoint"",""coordinates"":[]}"
1_2_LC08_149036_20160915,2016-09-15,298.5777764,LANDSAT_8,1473917761889,"{""type"":""MultiPoint"",""coordinates"":[]}"
1_2_LC08_149036_20161001,2016-10-01,298.6098387,LANDSAT_8,1475300162371,"{""type"":""MultiPoint"",""coordinates"":[]}"
1_2_LC08_149036_20161017,2016-10-17,292.5007572,LANDSAT_8,1476682568093,"{""type"":""MultiPoint"",""coordinates"":[]}"
1_2_LC08_149036_20161102,2016-11-02,286.6505271,LANDSAT_8,1478064968809,"{""type"":""MultiPoint"",""coordinates"":[]}"
1_2_LC08_149036_20161220,2016-12-20,275.3705882,LANDSAT_8,1482212162305,"{""type"":""MultiPoint"",""coordinates"":[]}"
1_2_LC08_149036_20170206,2017-02-06,270.8283434,LANDSAT_8,1486359347679,"{""type"":""MultiPoint"",""coordinates"":[]}"
1_2_LC08_149036_20170222,2017-02-22,279.7573863,LANDSAT_8,1487741742142,"{""type"":""MultiPoint"",""coordinates"":[]}"
1_2_LC08_149036_20170326,2017-03-26,288.7036338,LANDSAT_8,1490506524743,"{""type"":""MultiPoint"",""coordinates"":[]}"
1_2_LC08_149036_20170411,2017-04-11,287.7732083,LANDSAT_8,1491888917685,"{""type"":""MultiPoint"",""coordinates"":[]}"
1_2_LC08_149036_20170427,2017-04-27,292.0401758,LANDSAT_8,1493271307080,"{""type"":""MultiPoint"",""coordinates"":[]}"
1_2_LC08_149036_20170529,2017-05-29,298.5017211,LANDSAT_8,1496036122725,"{""type"":""MultiPoint"",""coordinates"":[]}"
1_2_LC08_149036_20170614,2017-06-14,298.8652772,LANDSAT_8,1497418529926,"{""type"":""MultiPoint"",""coordinates"":[]}"
1_2_LC08_149036_20170716,2017-07-16,299.8273872,LANDSAT_8,1500183337919,"{""type"":""MultiPoint"",""coordinates"":[]}"
1_2_LC08_149036_20170817,2017-08-17,302.486431,LANDSAT_8,1502948151393,"{""type"":""MultiPoint"",""coordinates"":[]}"
1_2_LC08_149036_20170918,2017-09-18,295.7494145,LANDSAT_8,1505712956237,"{""type"":""MultiPoint"",""coordinates"":[]}"
1_2_LC08_149036_20171004,2017-10-04,294.4346643,LANDSAT_8,1507095363054,"{""type"":""MultiPoint"",""coordinates"":[]}"
1_2_LC08_149036_20171020,2017-10-20,290.6896241,LANDSAT_8,1508477766054,"{""type"":""MultiPoint"",""coordinates"":[]}"
1_2_LC08_149036_20171105,2017-11-05,286.2527527,LANDSAT_8,1509860165302,"{""type"":""MultiPoint"",""coordinates"":[]}"
1_2_LC08_149036_20171121,2017-11-21,275.459904,LANDSAT_8,1511242560656,"{""type"":""MultiPoint"",""coordinates"":[]}"
1_2_LC08_149036_20171207,2017-12-07,278.4985244,LANDSAT_8,1512624956754,"{""type"":""MultiPoint"",""coordinates"":[]}"
1_2_LC08_149036_20180108,2018-01-08,275.7438527,LANDSAT_8,1515389754410,"{""type"":""MultiPoint"",""coordinates"":[]}"
1_2_LC08_149036_20180124,2018-01-24,276.5954421,LANDSAT_8,1516772146032,"{""type"":""MultiPoint"",""coordinates"":[]}"
1_2_LC08_149036_20180209,2018-02-09,279.6690764,LANDSAT_8,1518154538430,"{""type"":""MultiPoint"",""coordinates"":[]}"
1_2_LC08_149036_20180329,2018-03-29,290.7363955,LANDSAT_8,1522301716290,"{""type"":""MultiPoint"",""coordinates"":[]}"
1_2_LC08_149036_20180430,2018-04-30,294.5761894,LANDSAT_8,1525066498579,"{""type"":""MultiPoint"",""coordinates"":[]}"
1_2_LC08_149036_20180516,2018-05-16,295.0850566,LANDSAT_8,1526448888189,"{""type"":""MultiPoint"",""coordinates"":[]}"
1_2_LC08_149036_20180617,2018-06-17,296.9874867,LANDSAT_8,1529213682789,"{""type"":""MultiPoint"",""coordinates"":[]}"
1_2_LC08_149036_20180804,2018-08-04,303.7651255,LANDSAT_8,1533360907701,"{""type"":""MultiPoint"",""coordinates"":[]}"
1_2_LC08_149036_20180820,2018-08-20,302.8740772,LANDSAT_8,1534743316310,"{""type"":""MultiPoint"",""coordinates"":[]}"
1_2_LC08_149036_20180905,2018-09-05,300.5915259,LANDSAT_8,1536125722573,"{""type"":""MultiPoint"",""coordinates"":[]}"
1_2_LC08_149036_20180921,2018-09-21,296.7143839,LANDSAT_8,1537508126727,"{""type"":""MultiPoint"",""coordinates"":[]}"
1_2_LC08_149036_20181007,2018-10-07,292.4540821,LANDSAT_8,1538890535101,"{""type"":""MultiPoint"",""coordinates"":[]}"
1_2_LC08_149036_20181023,2018-10-23,287.8235089,LANDSAT_8,1540272940841,"{""type"":""MultiPoint"",""coordinates"":[]}"
1_2_LC08_149036_20190127,2019-01-27,275.5982115,LANDSAT_8,1548567335079,"{""type"":""MultiPoint"",""coordinates"":[]}"
1_2_LC08_149036_20190228,2019-02-28,279.5526127,LANDSAT_8,1551332129253,"{""type"":""MultiPoint"",""coordinates"":[]}"
1_2_LC08_149036_20190316,2019-03-16,283.9429951,LANDSAT_8,1552714523559,"{""type"":""MultiPoint"",""coordinates"":[]}"
1_2_LC08_149036_20190401,2019-04-01,288.4729314,LANDSAT_8,1554096920527,"{""type"":""MultiPoint"",""coordinates"":[]}"
1_2_LC08_149036_20190519,2019-05-19,294.1244258,LANDSAT_8,1558244124708,"{""type"":""MultiPoint"",""coordinates"":[]}"
1_2_LC08_149036_20190620,2019-06-20,285.0202643,LANDSAT_8,1561008939182,"{""type"":""MultiPoint"",""coordinates"":[]}"
1_2_LC08_149036_20190722,2019-07-22,301.6901756,LANDSAT_8,1563773746775,"{""type"":""MultiPoint"",""coordinates"":[]}"
1_2_LC08_149036_20190823,2019-08-23,300.7901396,LANDSAT_8,1566538558137,"{""type"":""MultiPoint"",""coordinates"":[]}"
1_2_LC08_149036_20190908,2019-09-08,299.277881,LANDSAT_8,1567920961675,"{""type"":""MultiPoint"",""coordinates"":[]}"
1_2_LC08_149036_20190924,2019-09-24,297.9854298,LANDSAT_8,1569303367417,"{""type"":""MultiPoint"",""coordinates"":[]}"
1_2_LC08_149036_20191010,2019-10-10,293.1180033,LANDSAT_8,1570685770877,"{""type"":""MultiPoint"",""coordinates"":[]}"
1_2_LC08_149036_20191026,2019-10-26,289.8794872,LANDSAT_8,1572068171783,"{""type"":""MultiPoint"",""coordinates"":[]}"
1_2_LC08_149036_20191229,2019-12-29,273.924601,LANDSAT_8,1577597762145,"{""type"":""MultiPoint"",""coordinates"":[]}"
1_2_LC08_149036_20200114,2020-01-14,272.2237939,LANDSAT_8,1578980158739,"{""type"":""MultiPoint"",""coordinates"":[]}"
1_2_LC08_149036_20200130,2020-01-30,275.8435861,LANDSAT_8,1580362553931,"{""type"":""MultiPoint"",""coordinates"":[]}"
1_2_LC08_149036_20200215,2020-02-15,273.7136987,LANDSAT_8,1581744949992,"{""type"":""MultiPoint"",""coordinates"":[]}"
1_2_LC08_149036_20200302,2020-03-02,282.5950432,LANDSAT_8,1583127345260,"{""type"":""MultiPoint"",""coordinates"":[]}"
1_2_LC08_149036_20200318,2020-03-18,286.2490868,LANDSAT_8,1584509738005,"{""type"":""MultiPoint"",""coordinates"":[]}"
1_2_LC08_149036_20200403,2020-04-03,283.5167676,LANDSAT_8,1585892128413,"{""type"":""MultiPoint"",""coordinates"":[]}"
1_2_LC08_149036_20200505,2020-05-05,294.0149632,LANDSAT_8,1588656913428,"{""type"":""MultiPoint"",""coordinates"":[]}"
1_2_LC08_149036_20200606,2020-06-06,299.6880058,LANDSAT_8,1591421721301,"{""type"":""MultiPoint"",""coordinates"":[]}"
1_2_LC08_149036_20200622,2020-06-22,301.5295077,LANDSAT_8,1592804130546,"{""type"":""MultiPoint"",""coordinates"":[]}"
1_2_LC08_149036_20200708,2020-07-08,301.4899789,LANDSAT_8,1594186537763,"{""type"":""MultiPoint"",""coordinates"":[]}"
1_2_LC08_149036_20200724,2020-07-24,302.799033,LANDSAT_8,1595568943002,"{""type"":""MultiPoint"",""coordinates"":[]}"
1_2_LC08_149036_20200825,2020-08-25,286.7752933,LANDSAT_8,1598333753997,"{""type"":""MultiPoint"",""coordinates"":[]}"
1_2_LC08_149036_20200910,2020-09-10,299.3031389,LANDSAT_8,1599716160953,"{""type"":""MultiPoint"",""coordinates"":[]}"
1_2_LC08_149036_20200926,2020-09-26,284.1593318,LANDSAT_8,1601098565757,"{""type"":""MultiPoint"",""coordinates"":[]}"
1_2_LC08_149036_20201012,2020-10-12,293.2163189,LANDSAT_8,1602480968017,"{""type"":""MultiPoint"",""coordinates"":[]}"
1_2_LC08_149036_20201028,2020-10-28,288.26203,LANDSAT_8,1603863367588,"{""type"":""MultiPoint"",""coordinates"":[]}"
1_2_LC08_149036_20201215,2020-12-15,279.3125547,LANDSAT_8,1608010568766,"{""type"":""MultiPoint"",""coordinates"":[]}"
1_2_LC08_149036_20201231,2020-12-31,273.6776153,LANDSAT_8,1609392965082,"{""type"":""MultiPoint"",""coordinates"":[]}"
1_2_LC08_149036_20210116,2021-01-16,270.0040989,LANDSAT_8,1610775357905,"{""type"":""MultiPoint"",""coordinates"":[]}"
1_2_LC08_149036_20210217,2021-02-17,281.2680823,LANDSAT_8,1613540152001,"{""type"":""MultiPoint"",""coordinates"":[]}"
1_2_LC08_149036_20210305,2021-03-05,286.5527602,LANDSAT_8,1614922545049,"{""type"":""MultiPoint"",""coordinates"":[]}"
1_2_LC08_149036_20210508,2021-05-08,296.8604335,LANDSAT_8,1620452118040,"{""type"":""MultiPoint"",""coordinates"":[]}"
1_2_LC08_149036_20210609,2021-06-09,302.2846481,LANDSAT_8,1623216936072,"{""type"":""MultiPoint"",""coordinates"":[]}"
1_2_LC08_149036_20210625,2021-06-25,301.797551,LANDSAT_8,1624599340726,"{""type"":""MultiPoint"",""coordinates"":[]}"
1_2_LC08_149036_20210711,2021-07-11,301.9625323,LANDSAT_8,1625981742505,"{""type"":""MultiPoint"",""coordinates"":[]}"
1_2_LC08_149036_20210727,2021-07-27,306.0507234,LANDSAT_8,1627364149045,"{""type"":""MultiPoint"",""coordinates"":[]}"
1_2_LC08_149036_20210812,2021-08-12,302.7306561,LANDSAT_8,1628746555752,"{""type"":""MultiPoint"",""coordinates"":[]}"
1_2_LC08_149036_20210913,2021-09-13,298.5507316,LANDSAT_8,1631511364703,"{""type"":""MultiPoint"",""coordinates"":[]}"
1_2_LC08_149036_20210929,2021-09-29,296.1264303,LANDSAT_8,1632893768706,"{""type"":""MultiPoint"",""coordinates"":[]}"
1_2_LC08_149036_20211015,2021-10-15,291.5326856,LANDSAT_8,1634276173344,"{""type"":""MultiPoint"",""coordinates"":[]}"
1_2_LC08_149036_20211031,2021-10-31,285.3023478,LANDSAT_8,1635658573680,"{""type"":""MultiPoint"",""coordinates"":[]}"
1_2_LC08_149036_20211218,2021-12-18,275.9463745,LANDSAT_8,1639805768000,"{""type"":""MultiPoint"",""coordinates"":[]}"
1_2_LC08_149036_20220204,2022-02-04,275.3645625,LANDSAT_8,1643952956031,"{""type"":""MultiPoint"",""coordinates"":[]}"
1_2_LC08_149036_20220220,2022-02-20,281.5000517,LANDSAT_8,1645335349705,"{""type"":""MultiPoint"",""coordinates"":[]}"
1_2_LC08_149036_20220324,2022-03-24,288.9283594,LANDSAT_8,1648100137356,"{""type"":""MultiPoint"",""coordinates"":[]}"
1_2_LC08_149036_20220425,2022-04-25,285.5987141,LANDSAT_8,1650864935134,"{""type"":""MultiPoint"",""coordinates"":[]}"
1_2_LC08_149036_20220511,2022-05-11,297.5235577,LANDSAT_8,1652247342011,"{""type"":""MultiPoint"",""coordinates"":[]}"
1_2_LC08_149036_20220527,2022-05-27,296.0024206,LANDSAT_8,1653629743279,"{""type"":""MultiPoint"",""coordinates"":[]}"
1_2_LC08_149036_20220612,2022-06-12,298.3314824,LANDSAT_8,1655012156514,"{""type"":""MultiPoint"",""coordinates"":[]}"
1_2_LC08_149036_20220628,2022-06-28,300.0372294,LANDSAT_8,1656394562401,"{""type"":""MultiPoint"",""coordinates"":[]}"
1_2_LC08_149036_20220730,2022-07-30,288.0764323,LANDSAT_8,1659159372314,"{""type"":""MultiPoint"",""coordinates"":[]}"
1_2_LC08_149036_20220831,2022-08-31,298.716954,LANDSAT_8,1661924179812,"{""type"":""MultiPoint"",""coordinates"":[]}"
1_2_LC08_149036_20220916,2022-09-16,298.4680576,LANDSAT_8,1663306586131,"{""type"":""MultiPoint"",""coordinates"":[]}"
1_2_LC08_149036_20221002,2022-10-02,294.980329,LANDSAT_8,1664688985708,"{""type"":""MultiPoint"",""coordinates"":[]}"
1_2_LC08_149036_20221018,2022-10-18,291.9226563,LANDSAT_8,1666071380965,"{""type"":""MultiPoint"",""coordinates"":[]}"
1_2_LC08_149036_20221103,2022-11-03,278.6781893,LANDSAT_8,1667453786702,"{""type"":""MultiPoint"",""coordinates"":[]}"
1_2_LC08_149036_20221221,2022-12-21,277.0098247,LANDSAT_8,1671600971792,"{""type"":""MultiPoint"",""coordinates"":[]}"
1_2_LC08_149036_20230207,2023-02-07,272.4039255,LANDSAT_8,1675748169748,"{""type"":""MultiPoint"",""coordinates"":[]}"
1_2_LC08_149036_20230223,2023-02-23,282.8124734,LANDSAT_8,1677130553869,"{""type"":""MultiPoint"",""coordinates"":[]}"
1_2_LC08_149036_20230311,2023-03-11,287.7586906,LANDSAT_8,1678512946826,"{""type"":""MultiPoint"",""coordinates"":[]}"
1_2_LC08_149036_20230327,2023-03-27,287.8909175,LANDSAT_8,1679895337459,"{""type"":""MultiPoint"",""coordinates"":[]}"
1_2_LC08_149036_20230412,2023-04-12,292.7676391,LANDSAT_8,1681277721712,"{""type"":""MultiPoint"",""coordinates"":[]}"
1_2_LC08_149036_20230514,2023-05-14,292.0022002,LANDSAT_8,1684042505032,"{""type"":""MultiPoint"",""coordinates"":[]}"
1_2_LC08_149036_20230615,2023-06-15,298.8056494,LANDSAT_8,1686807315518,"{""type"":""MultiPoint"",""coordinates"":[]}"
1_2_LC08_149036_20230701,2023-07-01,300.9054724,LANDSAT_8,1688189724519,"{""type"":""MultiPoint"",""coordinates"":[]}"
1_2_LC08_149036_20230717,2023-07-17,299.7796372,LANDSAT_8,1689572130287,"{""type"":""MultiPoint"",""coordinates"":[]}"
1_2_LC08_149036_20230802,2023-08-02,302.4778795,LANDSAT_8,1690954538855,"{""type"":""MultiPoint"",""coordinates"":[]}"
1_2_LC08_149036_20230818,2023-08-18,302.4065414,LANDSAT_8,1692336945131,"{""type"":""MultiPoint"",""coordinates"":[]}"
1_2_LC08_149036_20230903,2023-09-03,300.7897533,LANDSAT_8,1693719347020,"{""type"":""MultiPoint"",""coordinates"":[]}"
1_2_LC08_149036_20230919,2023-09-19,299.5336226,LANDSAT_8,1695101752295,"{""type"":""MultiPoint"",""coordinates"":[]}"
1_2_LC08_149036_20231005,2023-10-05,294.3286792,LANDSAT_8,1696484154680,"{""type"":""MultiPoint"",""coordinates"":[]}"
1_2_LC08_149036_20231021,2023-10-21,288.6736457,LANDSAT_8,1697866557133,"{""type"":""MultiPoint"",""coordinates"":[]}"
1_2_LC08_149036_20240109,2024-01-09,276.2551692,LANDSAT_8,1704778554462,"{""type"":""MultiPoint"",""coordinates"":[]}"
1_2_LC08_149036_20240210,2024-02-10,278.4952455,LANDSAT_8,1707543354165,"{""type"":""MultiPoint"",""coordinates"":[]}"
1_2_LC08_149036_20240516,2024-05-16,297.1293768,LANDSAT_8,1715837695040,"{""type"":""MultiPoint"",""coordinates"":[]}"
1_2_LC08_149036_20240601,2024-06-01,296.2807951,LANDSAT_8,1717220091209,"{""type"":""MultiPoint"",""coordinates"":[]}"
1_2_LC08_149036_20240617,2024-06-17,298.7796346,LANDSAT_8,1718602497593,"{""type"":""MultiPoint"",""coordinates"":[]}"
1_2_LC08_149036_20240703,2024-07-03,303.4806325,LANDSAT_8,1719984905782,"{""type"":""MultiPoint"",""coordinates"":[]}"
1_2_LC08_149036_20240719,2024-07-19,301.6214176,LANDSAT_8,1721367321554,"{""type"":""MultiPoint"",""coordinates"":[]}"
1_2_LC08_149036_20240905,2024-09-05,298.3680071,LANDSAT_8,1725514541439,"{""type"":""MultiPoint"",""coordinates"":[]}"
1_2_LC08_149036_20240921,2024-09-21,297.5176777,LANDSAT_8,1726896943075,"{""type"":""MultiPoint"",""coordinates"":[]}"
1_2_LC08_149036_20241007,2024-10-07,294.1397466,LANDSAT_8,1728279340209,"{""type"":""MultiPoint"",""coordinates"":[]}"
1_2_LC08_149036_20241108,2024-11-08,286.4969261,LANDSAT_8,1731044149306,"{""type"":""MultiPoint"",""coordinates"":[]}"
1_2_LC08_149036_20241124,2024-11-24,281.3566072,LANDSAT_8,1732426558295,"{""type"":""MultiPoint"",""coordinates"":[]}"
1_2_LC08_149036_20250127,2025-01-27,278.1225532,LANDSAT_8,1737956149742,"{""type"":""MultiPoint"",""coordinates"":[]}"
1_2_LC08_149036_20250212,2025-02-12,279.6309152,LANDSAT_8,1739338547979,"{""type"":""MultiPoint"",""coordinates"":[]}"
1_2_LC08_149036_20250316,2025-03-16,275.0609378,LANDSAT_8,1742103333782,"{""type"":""MultiPoint"",""coordinates"":[]}"
1_2_LC08_149036_20250401,2025-04-01,289.047406,LANDSAT_8,1743485727798,"{""type"":""MultiPoint"",""coordinates"":[]}"
1_2_LC08_149036_20250519,2025-05-19,296.534596,LANDSAT_8,1747632913893,"{""type"":""MultiPoint"",""coordinates"":[]}"
1_2_LC08_149036_20250604,2025-06-04,295.5542698,LANDSAT_8,1749015315436,"{""type"":""MultiPoint"",""coordinates"":[]}"
1_2_LC08_149036_20250620,2025-06-20,303.9765948,LANDSAT_8,1750397729293,"{""type"":""MultiPoint"",""coordinates"":[]}"
1_2_LC08_149036_20250823,2025-08-23,303.7252378,LANDSAT_8,1755927351236,"{""type"":""MultiPoint"",""coordinates"":[]}"
1_2_LC08_149036_20250924,2025-09-24,297.0987774,LANDSAT_8,1758692162364,"{""type"":""MultiPoint"",""coordinates"":[]}"
1_2_LC08_149036_20251010,2025-10-10,290.6983677,LANDSAT_8,1760074564211,"{""type"":""MultiPoint"",""coordinates"":[]}"
2_LC09_149036_20220111,2022-01-11,275.3672877,LANDSAT_9,1641879362597,"{""type"":""MultiPoint"",""coordinates"":[]}"
2_LC09_149036_20220127,2022-01-27,278.0353752,LANDSAT_9,1643261764416,"{""type"":""MultiPoint"",""coordinates"":[]}"
2_LC09_149036_20220212,2022-02-12,280.1561633,LANDSAT_9,1644644161359,"{""type"":""MultiPoint"",""coordinates"":[]}"
2_LC09_149036_20220401,2022-04-01,291.9483278,LANDSAT_9,1648791344957,"{""type"":""MultiPoint"",""coordinates"":[]}"
2_LC09_149036_20220417,2022-04-17,293.8116871,LANDSAT_9,1650173737261,"{""type"":""MultiPoint"",""coordinates"":[]}"
2_LC09_149036_20220519,2022-05-19,297.4674443,LANDSAT_9,1652938519286,"{""type"":""MultiPoint"",""coordinates"":[]}"
2_LC09_149036_20220604,2022-06-04,297.9299407,LANDSAT_9,1654320919900,"{""type"":""MultiPoint"",""coordinates"":[]}"
2_LC09_149036_20220807,2022-08-07,302.7659145,LANDSAT_9,1659850555987,"{""type"":""MultiPoint"",""coordinates"":[]}"
2_LC09_149036_20220908,2022-09-08,301.9397939,LANDSAT_9,1662615360960,"{""type"":""MultiPoint"",""coordinates"":[]}"
2_LC09_149036_20221010,2022-10-10,290.6735558,LANDSAT_9,1665380171482,"{""type"":""MultiPoint"",""coordinates"":[]}"
2_LC09_149036_20221026,2022-10-26,287.810108,LANDSAT_9,1666762575160,"{""type"":""MultiPoint"",""coordinates"":[]}"
2_LC09_149036_20221111,2022-11-11,282.4079653,LANDSAT_9,1668144975780,"{""type"":""MultiPoint"",""coordinates"":[]}"
2_LC09_149036_20221213,2022-12-13,278.6973083,LANDSAT_9,1670909775099,"{""type"":""MultiPoint"",""coordinates"":[]}"
2_LC09_149036_20230114,2023-01-14,273.2363243,LANDSAT_9,1673674571807,"{""type"":""MultiPoint"",""coordinates"":[]}"
2_LC09_149036_20230522,2023-05-22,297.4926502,LANDSAT_9,1684733718998,"{""type"":""MultiPoint"",""coordinates"":[]}"
2_LC09_149036_20230607,2023-06-07,292.4853856,LANDSAT_9,1686116113903,"{""type"":""MultiPoint"",""coordinates"":[]}"
2_LC09_149036_20230623,2023-06-23,302.3431415,LANDSAT_9,1687498507332,"{""type"":""MultiPoint"",""coordinates"":[]}"
2_LC09_149036_20230810,2023-08-10,301.4532393,LANDSAT_9,1691645734278,"{""type"":""MultiPoint"",""coordinates"":[]}"
2_LC09_149036_20230911,2023-09-11,299.7652847,LANDSAT_9,1694410551398,"{""type"":""MultiPoint"",""coordinates"":[]}"
2_LC09_149036_20230927,2023-09-27,294.971881,LANDSAT_9,1695792947858,"{""type"":""MultiPoint"",""coordinates"":[]}"
2_LC09_149036_20231013,2023-10-13,292.8858962,LANDSAT_9,1697175360554,"{""type"":""MultiPoint"",""coordinates"":[]}"
2_LC09_149036_20231029,2023-10-29,283.2379015,LANDSAT_9,1698557759433,"{""type"":""MultiPoint"",""coordinates"":[]}"
2_LC09_149036_20231114,2023-11-14,283.3058524,LANDSAT_9,1699940158321,"{""type"":""MultiPoint"",""coordinates"":[]}"
2_LC09_149036_20240101,2024-01-01,275.6587648,LANDSAT_9,1704087365227,"{""type"":""MultiPoint"",""coordinates"":[]}"
2_LC09_149036_20240117,2024-01-17,276.7903165,LANDSAT_9,1705469764567,"{""type"":""MultiPoint"",""coordinates"":[]}"
2_LC09_149036_20240305,2024-03-05,281.3191999,LANDSAT_9,1709616959045,"{""type"":""MultiPoint"",""coordinates"":[]}"
2_LC09_149036_20240406,2024-04-06,289.3491085,LANDSAT_9,1712381747552,"{""type"":""MultiPoint"",""coordinates"":[]}"
2_LC09_149036_20240422,2024-04-22,290.759124,LANDSAT_9,1713764129080,"{""type"":""MultiPoint"",""coordinates"":[]}"
2_LC09_149036_20240508,2024-05-08,295.0629277,LANDSAT_9,1715146524421,"{""type"":""MultiPoint"",""coordinates"":[]}"
2_LC09_149036_20240524,2024-05-24,298.1401099,LANDSAT_9,1716528913867,"{""type"":""MultiPoint"",""coordinates"":[]}"
2_LC09_149036_20240609,2024-06-09,295.0874073,LANDSAT_9,1717911307812,"{""type"":""MultiPoint"",""coordinates"":[]}"
2_LC09_149036_20240625,2024-06-25,299.2890073,LANDSAT_9,1719293690717,"{""type"":""MultiPoint"",""coordinates"":[]}"
2_LC09_149036_20240711,2024-07-11,301.4170071,LANDSAT_9,1720676111441,"{""type"":""MultiPoint"",""coordinates"":[]}"
2_LC09_149036_20240727,2024-07-27,300.9650522,LANDSAT_9,1722058513748,"{""type"":""MultiPoint"",""coordinates"":[]}"
2_LC09_149036_20240812,2024-08-12,305.9513482,LANDSAT_9,1723440923001,"{""type"":""MultiPoint"",""coordinates"":[]}"
2_LC09_149036_20240913,2024-09-13,297.9457524,LANDSAT_9,1726205737863,"{""type"":""MultiPoint"",""coordinates"":[]}"
2_LC09_149036_20240929,2024-09-29,295.5775032,LANDSAT_9,1727588141657,"{""type"":""MultiPoint"",""coordinates"":[]}"
2_LC09_149036_20241015,2024-10-15,291.8325281,LANDSAT_9,1728970549375,"{""type"":""MultiPoint"",""coordinates"":[]}"
2_LC09_149036_20241031,2024-10-31,288.2775041,LANDSAT_9,1730352954266,"{""type"":""MultiPoint"",""coordinates"":[]}"
2_LC09_149036_20250204,2025-02-04,280.0251799,LANDSAT_9,1738647354938,"{""type"":""MultiPoint"",""coordinates"":[]}"
2_LC09_149036_20250308,2025-03-08,283.7620749,LANDSAT_9,1741412152260,"{""type"":""MultiPoint"",""coordinates"":[]}"
2_LC09_149036_20250324,2025-03-24,284.7871355,LANDSAT_9,1742794540672,"{""type"":""MultiPoint"",""coordinates"":[]}"
2_LC09_149036_20250425,2025-04-25,291.8780514,LANDSAT_9,1745559331330,"{""type"":""MultiPoint"",""coordinates"":[]}"
2_LC09_149036_20250511,2025-05-11,296.0412489,LANDSAT_9,1746941724708,"{""type"":""MultiPoint"",""coordinates"":[]}"
2_LC09_149036_20250527,2025-05-27,299.8289365,LANDSAT_9,1748324116286,"{""type"":""MultiPoint"",""coordinates"":[]}"
2_LC09_149036_20250612,2025-06-12,300.3663301,LANDSAT_9,1749706519768,"{""type"":""MultiPoint"",""coordinates"":[]}"
2_LC09_149036_20251002,2025-10-02,295.8071959,LANDSAT_9,1759383363251,"{""type"":""MultiPoint"",""coordinates"":[]}"